strain_name,strain_number,experiment_id,spectrum,430,435,440,445,450,455,460,465,470,475,480,485,490,495,500,505,510,515,520,525,530,535,540,545,550,555,560,565,570,575,580,585,590,595,600,605,610,615,620,625,630,635,640,645,650,655,660,665,670,675,680,685,690,695,700
C. muelleri,CCMP1316,0520_CMUL,MILQ,0.000388373,0.000392957,0.000394169,0.000370109,0.000367984,0.000345247,0.00032803,0.000324709,0.000293328,0.00026923,0.000267412,0.000238585,0.000246239,0.000238582,0.00023296,0.0002254,0.000205072,0.000204458,0.000191896,0.000195942,0.000191287,0.000184293,0.00017712,0.000174554,0.000166241,0.000162804,0.00015785,0.000154706,0.000150236,0.000146063,0.000143406,0.000143721,0.000131436,0.000122716,0.000120611,0.000109822,0.000109981,0.000108068,0.000101618,0.000102619,9.61379e-05,9.31794e-05,9.17214e-05,9.02994e-05,8.57044e-05,8.58384e-05,8.49204e-05,7.94738e-05,7.7965e-05,8.15772e-05,7.47136e-05,7.47261e-05,6.40175e-05,6.42033e-05,5.76608e-05
,,,MILQ(FILT),6.15768e-05,7.85705e-05,8.95579e-05,8.88482e-05,9.2201e-05,9.76025e-05,3.8031e-05,3.42699e-05,6.81479e-05,7.62183e-06,-2.64424e-06,1.42166e-05,1.35646e-05,2.70722e-05,3.01063e-05,3.12831e-05,2.58418e-05,2.60207e-05,2.51461e-05,2.53769e-05,2.56953e-05,3.49206e-05,3.02153e-05,2.59004e-05,3.09065e-05,3.32864e-05,3.03398e-05,3.12774e-05,3.40397e-05,3.30827e-05,3.78999e-05,3.53166e-05,3.48371e-05,3.05791e-05,2.73515e-05,2.82784e-05,2.67976e-05,2.47911e-05,2.44136e-05,2.86124e-05,2.92288e-05,2.69964e-05,2.44055e-05,2.58942e-05,3.20543e-05,3.25532e-05,2.84812e-05,3.05556e-05,2.93609e-05,2.72922e-05,2.93464e-05,2.41823e-05,2.4841e-05,1.57228e-05,2.22479e-05
,,,DIL1A,0.000800795,0.000816897,0.000828975,0.000818131,0.000825758,0.000797589,0.000759375,0.000749215,0.000745635,0.000704613,0.00071615,0.000648662,0.000650026,0.000645641,0.000633595,0.000613478,0.000614677,0.000595124,0.000598761,0.000579376,0.000590665,0.000552421,0.000540204,0.000528216,0.0005257,0.000525004,0.000505638,0.00048797,0.000477964,0.000464152,0.000464223,0.00045638,0.000442561,0.000428889,0.000406779,0.000387049,0.000371668,0.000363558,0.000361118,0.000353081,0.000344322,0.000330396,0.000332025,0.000314912,0.000299378,0.000296101,0.000299151,0.000298207,0.000315779,0.000357903,0.000367352,0.000344805,0.000324342,0.000305798,0.000308119
,,,DIL1A(BGRD),0.000527155,0.000530706,0.000537399,0.000500392,0.000492338,0.000461726,0.000440315,0.000423069,0.000394334,0.000368844,0.000357973,0.000329156,0.000321871,0.000318176,0.000313761,0.000295262,0.000289996,0.000280707,0.000270055,0.00026626,0.000269702,0.00025312,0.000238936,0.00023755,0.000231382,0.000228081,0.000218363,0.000209007,0.000204885,0.000200728,0.000199727,0.000195376,0.000185194,0.000174571,0.00017084,0.000159,0.000150546,0.000148881,0.000148227,0.000148238,0.000139211,0.000136458,0.000131893,0.000128572,0.000123929,0.000122419,0.000121765,0.000119698,0.000109927,0.000118583,0.000117042,0.000106883,9.3282e-05,9.55162e-05,9.87928e-05
,,,DIL1B,0.000841432,0.000858718,0.000874782,0.000849612,0.000867818,0.000832806,0.000798206,0.000804924,0.00079011,0.000760392,0.000733392,0.000678722,0.00065699,0.000663733,0.000669315,0.000643857,0.000642857,0.000634805,0.000617685,0.000616417,0.000615119,0.000585129,0.000583333,0.000569486,0.000565405,0.00056319,0.000542858,0.000524195,0.000520151,0.00050744,0.000501224,0.000493273,0.000464109,0.000444959,0.000445406,0.000422859,0.000410438,0.000398168,0.000396021,0.000384114,0.000375321,0.000365791,0.000355942,0.000359263,0.000338026,0.000337243,0.000331126,0.000324687,0.000355585,0.00040189,0.000415155,0.000405715,0.000366088,0.000367187,0.000344791
,,,DIL1B(BGRD),0.000491288,0.000505221,0.000508942,0.000473331,0.000464904,0.000441962,0.00041166,0.000400491,0.000373832,0.00034655,0.000323442,0.000305645,0.000301092,0.000295229,0.000289482,0.000274587,0.000263789,0.000260821,0.000246679,0.00024519,0.000242773,0.000227264,0.000214751,0.000215753,0.000207523,0.000200493,0.000193619,0.000188918,0.00018254,0.000176515,0.000172446,0.000174699,0.000160078,0.000154226,0.000150636,0.000134742,0.000134355,0.000129176,0.000127839,0.000128532,0.000118914,0.000115738,0.000113441,0.000109079,0.000107716,0.000106677,0.000101214,9.97012e-05,9.27312e-05,9.53502e-05,9.61716e-05,8.62835e-05,7.30575e-05,7.77624e-05,7.89231e-05
T. oceanica,CCMP1005,0521_TOCN,MILQ,0.000467795,0.000488382,0.00049759,0.000462574,0.000460039,0.000435676,0.000426002,0.000413455,0.000394166,0.000362816,0.000335574,0.000324744,0.000330248,0.000322421,0.000319807,0.000304881,0.000293597,0.000296702,0.000279235,0.000289424,0.000281663,0.000274516,0.000263958,0.000262171,0.000256496,0.000251799,0.000243649,0.000243005,0.000227633,0.000231315,0.000228075,0.000227336,0.000217965,0.000206941,0.000211156,0.000193279,0.000193067,0.000189387,0.000191308,0.000190077,0.000176838,0.000170828,0.000175051,0.000170988,0.000168314,0.000171194,0.000167887,0.000165599,0.000158613,0.000161226,0.000163071,0.000156581,0.000141191,0.000152195,0.000144744
,,,MILQ(FILT),0.000388889,0.00038734,0.000399968,0.000366804,0.000360901,0.000345075,0.000328813,0.00032879,0.000285734,0.000260356,0.000252698,0.000243286,0.000241133,0.000230158,0.000223743,0.000219725,0.000202796,0.000208678,0.000189357,0.000190415,0.000186253,0.000180116,0.000174771,0.000172057,0.000162322,0.000159325,0.000152652,0.000152509,0.000145873,0.000143078,0.000143048,0.000139687,0.000131092,0.000124065,0.000121456,0.000109715,0.000107486,0.000106346,0.00010237,0.000104011,9.56173e-05,9.32703e-05,9.42602e-05,8.96875e-05,8.33876e-05,8.34645e-05,8.16547e-05,7.58737e-05,7.93307e-05,7.84157e-05,7.40633e-05,7.38055e-05,6.43022e-05,6.57356e-05,6.0842e-05
,,,DIL1A,0.000929172,0.000951606,0.000961911,0.000929677,0.000950792,0.000919615,0.000891842,0.000862667,0.000864588,0.000826597,0.000806819,0.000762889,0.000731043,0.000720927,0.000714188,0.000688682,0.000676977,0.000667456,0.000648745,0.000644262,0.00064062,0.000616006,0.000616958,0.000592432,0.000599047,0.000590919,0.000577235,0.000562364,0.00055797,0.000543576,0.000538331,0.000531481,0.00051132,0.000493769,0.000499147,0.000465891,0.000457384,0.000439655,0.000442477,0.000434549,0.000417608,0.000411495,0.00040244,0.000398346,0.000372625,0.00037546,0.000368862,0.000349421,0.000369149,0.000403232,0.000414599,0.000414814,0.000382428,0.000387434,0.00036443
,,,DIL1A(BGRD),0.000482962,0.000502888,0.000502493,0.000469487,0.0004565,0.000433885,0.000407205,0.000399844,0.000358205,0.000337555,0.000319649,0.000307174,0.000298403,0.000285836,0.000286167,0.000267018,0.000256247,0.000257341,0.000239611,0.000235483,0.000237245,0.00022229,0.000211298,0.000212686,0.00020531,0.000198796,0.000190519,0.000185907,0.000175734,0.000174179,0.000167852,0.000168584,0.000155268,0.000149243,0.000145533,0.000134086,0.000128603,0.000126179,0.000122369,0.000119845,0.000113345,0.000112865,0.000109496,0.000106566,0.000104758,0.000100754,9.93223e-05,9.94534e-05,9.41613e-05,9.40814e-05,9.29132e-05,9.0241e-05,6.97425e-05,8.17798e-05,7.5005e-05
,,,DIL1B,0.00105224,0.00105864,0.0010751,0.00103273,0.00106318,0.00102644,0.000987667,0.000986065,0.000970314,0.00094551,0.000903355,0.000850596,0.000828336,0.00081917,0.000820914,0.000783197,0.000773446,0.000761277,0.000748306,0.000738598,0.00072969,0.000724425,0.000703297,0.000697446,0.000697423,0.000700807,0.000680301,0.000661647,0.000649175,0.000628238,0.000633919,0.000628423,0.000605373,0.000580252,0.000570245,0.00055604,0.00053453,0.000520413,0.000521048,0.00050727,0.000496525,0.000483438,0.000477519,0.000471297,0.000445377,0.000441062,0.000434204,0.00042044,0.000451665,0.000512849,0.000527223,0.000526352,0.00047881,0.000474912,0.00045273
,,,DIL1B(BGRD),0.000479083,0.000494233,0.000499602,0.00047019,0.000457129,0.000434997,0.000411626,0.000399861,0.000371261,0.000335912,0.000326492,0.000303242,0.000297898,0.000287314,0.000285354,0.00026932,0.000258684,0.000253507,0.000243852,0.000238121,0.000236418,0.000224515,0.000211736,0.000212146,0.000201646,0.000199743,0.000190961,0.000185412,0.000177415,0.000172971,0.00017063,0.00017132,0.000158395,0.000151468,0.00014908,0.000133777,0.000130581,0.000126353,0.000128673,0.000126208,0.000115093,0.000111386,0.000110602,0.000108045,0.000104997,0.000102831,9.98231e-05,9.63896e-05,9.21821e-05,9.50621e-05,9.28046e-05,8.52146e-05,7.28216e-05,7.39459e-05,7.48092e-05
C. muelleri,CCMP1316,0522_CMUL,MILQ,0.000447842,0.000463621,0.000469083,0.000433225,0.000433059,0.000413137,0.000393211,0.000392119,0.000355883,0.000336718,0.000318521,0.000311025,0.000307091,0.000291745,0.000294159,0.000281813,0.000270797,0.000275326,0.000261265,0.000262794,0.00026052,0.000249631,0.000234562,0.000241375,0.000232607,0.00023149,0.0002243,0.000219636,0.000213145,0.000209774,0.00020598,0.000212837,0.000196072,0.000190487,0.000188847,0.000172669,0.000174112,0.00017014,0.000168667,0.000172716,0.000158329,0.000156946,0.000154292,0.000154848,0.00014998,0.00015169,0.0001432,0.000142555,0.000141538,0.000147284,0.000143803,0.00013812,0.00012139,0.000133066,0.000130729
,,,MILQ(FILT),0.000386945,0.000400645,0.000394648,0.000372215,0.000361849,0.000343551,0.000319059,0.000324656,0.000284924,0.00026005,0.000260515,0.000241623,0.000237746,0.000237231,0.00022522,0.000214022,0.000202893,0.000202453,0.000193612,0.000192084,0.000188186,0.000176576,0.000170315,0.000169282,0.000160227,0.000160854,0.000152774,0.000149742,0.00014741,0.000140081,0.000139286,0.000138004,0.000129649,0.000120076,0.000114034,0.000103879,0.000106258,0.000104256,9.9392e-05,0.000102611,9.32816e-05,9.13949e-05,9.0132e-05,8.70114e-05,8.40685e-05,8.66941e-05,7.90622e-05,7.69447e-05,7.64078e-05,7.69118e-05,7.38665e-05,7.10938e-05,6.3558e-05,6.15699e-05,6.25834e-05
,,,DIL1A,0.000801209,0.000815976,0.00080629,0.0007846,0.000797195,0.000761554,0.000737366,0.000733104,0.000731726,0.000692883,0.000670619,0.000637713,0.000619933,0.000622488,0.000621275,0.000599831,0.000603289,0.000599072,0.000593934,0.00058265,0.0005895,0.000576956,0.000561119,0.000558237,0.000560201,0.000560666,0.000547718,0.000538443,0.000533758,0.000521883,0.000523558,0.000521921,0.000495798,0.000484394,0.000478191,0.000452956,0.00044067,0.000423951,0.000427173,0.000410534,0.000403049,0.000390064,0.00038439,0.000377899,0.000361197,0.000357646,0.000355446,0.000354411,0.000367067,0.000410293,0.000416185,0.000416557,0.000384887,0.000378261,0.000366808
,,,DIL1A(BGRD),0.000490055,0.000505865,0.000502967,0.000472129,0.000459219,0.000437276,0.000412636,0.000405652,0.000370017,0.000342223,0.000326335,0.000308393,0.000299492,0.000289895,0.000283144,0.000269864,0.000257215,0.000254512,0.000239553,0.000239635,0.000239,0.000225146,0.000213888,0.000212409,0.000204693,0.000197723,0.000189556,0.000184171,0.000178831,0.000174217,0.000169764,0.000171706,0.000158658,0.000151569,0.000146971,0.000134327,0.00012822,0.000123975,0.000123112,0.000125681,0.000114852,0.000112873,0.000110134,0.000106056,0.000105267,0.00010338,9.85283e-05,9.7884e-05,9.32961e-05,9.40722e-05,9.45078e-05,8.61076e-05,7.07578e-05,7.93107e-05,7.92298e-05
,,,DIL1B,0.000843624,0.00084899,0.000853358,0.000813768,0.000834696,0.000807238,0.000772194,0.000763459,0.000746259,0.000735417,0.000711847,0.000669706,0.000657972,0.000657117,0.000653364,0.000641915,0.0006294,0.00063418,0.000621553,0.000620084,0.000623891,0.000606343,0.00059622,0.000587464,0.0005891,0.000585055,0.000576878,0.000557376,0.0005593,0.000545905,0.000551709,0.000542264,0.000515171,0.000503073,0.000500828,0.0004783,0.000458298,0.000451721,0.000445284,0.000439224,0.000427198,0.000418772,0.00041527,0.000408734,0.000391147,0.000391599,0.000386097,0.00037581,0.000389446,0.000440252,0.000445629,0.000440616,0.000408343,0.000410666,0.000391525
,,,DIL1B(BGRD),0.000488524,0.000500048,0.000500464,0.000469593,0.000460579,0.000436852,0.000411682,0.000393175,0.000362227,0.000343378,0.00032061,0.000306867,0.000298421,0.000291152,0.000283465,0.000269923,0.000260412,0.000253473,0.000243732,0.0002406,0.000238169,0.000224758,0.000209463,0.000214092,0.000207087,0.000197801,0.000190492,0.0001851,0.000180433,0.000174719,0.000170692,0.000169434,0.000158871,0.000152585,0.000146981,0.000133469,0.000128602,0.000129676,0.000125878,0.000127617,0.000114456,0.000111407,0.000110357,0.00011023,0.000106552,0.000101454,9.97302e-05,9.72685e-05,9.50667e-05,9.5501e-05,8.97224e-05,8.7762e-05,7.61728e-05,7.8808e-05,7.76358e-05
T. oceanica,CCMP1005,0523_TOCN,MILQ,0.000465716,0.000482121,0.000490381,0.000463945,0.000478776,0.000439908,0.000425122,0.000420817,0.000376736,0.000360497,0.000360129,0.000336484,0.0003271,0.000326625,0.000320514,0.000303979,0.000310266,0.000298041,0.000291798,0.000284999,0.000290541,0.000270611,0.000263407,0.00026645,0.000265596,0.000253767,0.000243585,0.000240593,0.000247681,0.000230363,0.000233718,0.000238414,0.000216464,0.000217236,0.00021214,0.000198373,0.000203184,0.000192348,0.000197565,0.00019288,0.000185531,0.000181862,0.000180974,0.000180224,0.000170207,0.000175741,0.000174889,0.000171012,0.000163655,0.000164333,0.000168034,0.00015716,0.000148706,0.000152843,0.000151575
,,,MILQ(FILT),0.000393517,0.000394439,0.000393562,0.000369097,0.000353788,0.000338195,0.000318005,0.000315734,0.00028916,0.000266565,0.000252159,0.000235392,0.00024482,0.000230864,0.000227029,0.00021395,0.000201177,0.00020137,0.000188302,0.000189042,0.000189538,0.000174977,0.000169349,0.000172993,0.000160603,0.000161878,0.000153609,0.000149034,0.000146367,0.0001395,0.000134234,0.000133669,0.000127146,0.000120204,0.000118042,0.000100571,0.000104819,0.00010238,9.72531e-05,9.90412e-05,9.228e-05,9.00885e-05,9.00509e-05,8.7435e-05,8.40455e-05,8.27819e-05,8.24291e-05,7.68654e-05,7.59594e-05,7.62156e-05,7.17915e-05,7.19027e-05,6.15129e-05,6.37615e-05,5.79973e-05
,,,DIL1A,0.00125201,0.0012907,0.00129522,0.00125645,0.00129076,0.00125758,0.00122391,0.00123698,0.0012079,0.00121586,0.00117847,0.00113184,0.00110044,0.00108799,0.00109656,0.00108403,0.00107763,0.00108191,0.00107647,0.00106414,0.00106227,0.00104479,0.0010457,0.00103749,0.00104799,0.00106171,0.00104752,0.00103099,0.0010084,0.00100565,0.00100501,0.000989349,0.000950147,0.000922817,0.000920351,0.000882902,0.000856858,0.000821602,0.000821728,0.000806423,0.000794513,0.000769293,0.000768647,0.000751912,0.000709547,0.000702127,0.000685571,0.000676456,0.000723882,0.000833769,0.000894372,0.000902354,0.000848028,0.000852519,0.000835752
,,,DIL1A(BGRD),0.000486565,0.000507135,0.000504491,0.000469173,0.000455653,0.00043128,0.000409635,0.000404836,0.000367358,0.000335653,0.000316128,0.000308251,0.00029415,0.000291448,0.000282082,0.000268958,0.000258822,0.000255892,0.000242066,0.000240408,0.000242792,0.000229123,0.000212175,0.000212856,0.000204396,0.000199554,0.000188656,0.000186595,0.00017838,0.000177011,0.000169986,0.000173247,0.000157217,0.000150855,0.000144218,0.000135317,0.000129351,0.000127614,0.000124028,0.0001245,0.000114126,0.000111345,0.000107326,0.000109371,0.000105266,0.000102329,0.000100725,9.90324e-05,9.4729e-05,9.76599e-05,9.17907e-05,8.80771e-05,6.96038e-05,8.03012e-05,7.49745e-05
,,,DIL1B,,,,,,,,,,,,,,,,,,,,,,,,,,,,,,,,,,,,,,,,,,,,,,,,,,,,,,,
,,,DIL1B(BGRD),,,,,,,,,,,,,,,,,,,,,,,,,,,,,,,,,,,,,,,,,,,,,,,,,,,,,,,
E. huxleyi,CCMP371,0602_EHUX,MILQ,0.000503831,0.000525298,0.000529562,0.000496515,0.000492231,0.000482441,0.000444084,0.000433875,0.0004181,0.000387246,0.000383401,0.000353684,0.000352377,0.000351345,0.000349006,0.00032855,0.000336477,0.000327122,0.000311104,0.000314106,0.000315329,0.000299874,0.000295047,0.00029485,0.000289003,0.000277627,0.000276178,0.000265032,0.000268053,0.000257991,0.000263613,0.000259832,0.000247941,0.000241964,0.000234253,0.000229322,0.000215995,0.000217966,0.000218868,0.000214745,0.00020851,0.000200512,0.00020435,0.000201429,0.000199616,0.0002011,0.000196515,0.000190141,0.000187224,0.000190731,0.000186718,0.000185535,0.000163792,0.000178207,0.000169492
,,,MILQ(FILT),0.000372566,0.000387854,0.00038285,0.000363629,0.000355533,0.000333431,0.000313175,0.000304626,0.000288196,0.000252971,0.000257382,0.000234141,0.000235565,0.000223652,0.000216341,0.000207667,0.000191208,0.000195511,0.000184186,0.000191864,0.000183721,0.000176625,0.000167926,0.000162906,0.000156479,0.000157958,0.000150005,0.000148892,0.000139223,0.00013813,0.000135416,0.000134651,0.000123311,0.000119648,0.000110645,0.000104865,0.000104318,9.89644e-05,9.69949e-05,9.98622e-05,9.10081e-05,9.03322e-05,8.5894e-05,8.69483e-05,8.4277e-05,8.02666e-05,8.14339e-05,7.61786e-05,7.27254e-05,7.72608e-05,7.42513e-05,6.76273e-05,6.04011e-05,6.21199e-05,5.82354e-05
,,,DIL1A,0.00261939,0.00265435,0.0026284,0.00252691,0.00254352,0.00242091,0.00233175,0.00229303,0.00222136,0.00215295,0.00207418,0.00201114,0.00196822,0.00193806,0.00194076,0.00190795,0.00188367,0.00188596,0.00187725,0.0018629,0.00187615,0.00185082,0.00185563,0.00184253,0.00185763,0.00187253,0.00186869,0.00183282,0.00184131,0.00183336,0.00185132,0.00187447,0.00182149,0.00180388,0.00183855,0.00180037,0.00180472,0.00179364,0.00182875,0.00183514,0.00181958,0.00180412,0.00182254,0.00180859,0.00176174,0.00179557,0.00179609,0.00177819,0.00171407,0.00173682,0.00175211,0.00181076,0.00183879,0.00187422,0.00190068
,,,DIL1A(BGRD),0.000500453,0.000512434,0.000506893,0.000474381,0.000472631,0.000442584,0.000417543,0.000408739,0.000378739,0.000341118,0.000318815,0.000305642,0.000302486,0.00029803,0.00028948,0.000272907,0.000261686,0.000258143,0.000243124,0.0002485,0.000244392,0.000226051,0.000216241,0.000217084,0.000208487,0.000198561,0.000194318,0.000187214,0.000182695,0.000174845,0.00017193,0.000176311,0.000164621,0.00015298,0.000150132,0.000132589,0.000131238,0.000130267,0.000127172,0.000123203,0.000117336,0.000113899,0.000113331,0.000108722,0.000105312,0.000102032,0.000101368,9.91428e-05,9.25017e-05,9.65417e-05,9.52071e-05,8.68215e-05,7.44366e-05,7.19019e-05,7.82356e-05
,,,DIL1B,0.0021669,0.00219539,0.00218404,0.00210415,0.00210418,0.0020197,0.00193986,0.00187673,0.00180871,0.00178139,0.00171189,0.00165007,0.00159881,0.00157421,0.00158626,0.0015564,0.00153118,0.00151633,0.001506,0.00149733,0.00150318,0.00149414,0.00147083,0.00144986,0.00147301,0.00148265,0.00147659,0.00144421,0.00144777,0.00143734,0.00146248,0.00147545,0.00142858,0.00142195,0.00143448,0.00140732,0.00142416,0.00140194,0.00144417,0.00144281,0.00142936,0.00141177,0.00142226,0.0014254,0.00139378,0.0014085,0.00141819,0.00139812,0.00136894,0.00137466,0.00138718,0.00142025,0.00144179,0.00148463,0.00148847
,,,DIL1B(BGRD),0.00049398,0.000519717,0.000514293,0.000489706,0.000479171,0.000449858,0.000428763,0.000415183,0.000379443,0.000353298,0.000335297,0.000317179,0.000310219,0.000301237,0.0002935,0.00027817,0.000269318,0.000266967,0.000253519,0.00024928,0.000249425,0.000235793,0.000218501,0.000219945,0.000212599,0.000209522,0.00019914,0.00019537,0.000185096,0.000180977,0.000175943,0.000175197,0.000165007,0.000160473,0.000151054,0.00013733,0.000136656,0.000133872,0.000133903,0.000129962,0.000121693,0.000117428,0.000117558,0.000115022,0.000110958,0.000109079,0.000104748,0.000104016,9.65827e-05,0.000100424,9.62319e-05,9.27362e-05,7.38681e-05,8.11201e-05,8.34976e-05
E. huxleyi,CCMP373,0603_EHUX,MILQ,0.000486047,0.000498045,0.000516659,0.0004717,0.000464057,0.000453071,0.000422819,0.000417064,0.000396032,0.000369932,0.000358001,0.000337834,0.000329661,0.000325044,0.000332751,0.000307916,0.00029953,0.000300565,0.000290728,0.000289905,0.000291321,0.000277609,0.000270602,0.000269063,0.000263437,0.000256507,0.000248476,0.000241926,0.000241675,0.000239299,0.000236356,0.000239188,0.000222383,0.000215441,0.000212198,0.000197236,0.000199764,0.000194148,0.000196975,0.000191592,0.000182326,0.000182163,0.00018489,0.00018088,0.000171717,0.000177655,0.000171889,0.000167703,0.000166241,0.000171454,0.000161764,0.000162355,0.00014778,0.000155473,0.000154549
,,,MILQ(FILT),0.000385258,0.00039434,0.000394483,0.000370857,0.000359076,0.000344191,0.000316773,0.0003203,0.000293754,0.000260476,0.000262851,0.000247574,0.000237016,0.00023647,0.000226901,0.00021337,0.000198188,0.000200129,0.000194554,0.000195133,0.000190997,0.000181009,0.000169976,0.000171766,0.000166685,0.000158441,0.000156509,0.000149752,0.00014617,0.000139902,0.000138501,0.000138181,0.000128562,0.00012209,0.000116394,0.000106116,0.000104338,0.000101281,0.000101257,0.000101941,9.32025e-05,9.26439e-05,8.92556e-05,8.84093e-05,8.7911e-05,8.46695e-05,8.10611e-05,7.84038e-05,7.91112e-05,7.74734e-05,7.10873e-05,7.37964e-05,5.66057e-05,6.11507e-05,5.7432e-05
,,,DIL1A,0.000702361,0.000700259,0.000715418,0.000688486,0.000690798,0.000661459,0.000629726,0.000612909,0.000604533,0.000581926,0.000570709,0.000528426,0.000521516,0.000526494,0.000513582,0.00049243,0.000483192,0.000476371,0.000474986,0.000456468,0.00047243,0.000440545,0.000432273,0.000431823,0.000424265,0.000422556,0.000413069,0.000389084,0.000387234,0.000379418,0.000375514,0.000373185,0.000352536,0.000344499,0.000338276,0.00032932,0.000309118,0.000310098,0.000306054,0.00030251,0.000294781,0.000288821,0.000286193,0.000285515,0.000275267,0.000275319,0.000276729,0.000269734,0.000276184,0.000302907,0.000321696,0.000310459,0.000289154,0.000279428,0.000284392
,,,DIL1A(BGRD),0.000492295,0.000509996,0.000514452,0.000480868,0.000474224,0.000450978,0.000425928,0.000410213,0.00037776,0.0003502,0.000323572,0.000308903,0.000298327,0.00030054,0.000292578,0.00027326,0.000262943,0.000263669,0.000250685,0.000248114,0.000246405,0.000226396,0.000216149,0.000219238,0.000211066,0.00020478,0.000193802,0.000190623,0.000184025,0.000176286,0.000174756,0.000176751,0.00016308,0.000155757,0.000150128,0.000137173,0.00013279,0.000133192,0.000126999,0.000131462,0.000117129,0.000113808,0.000112734,0.000111543,0.000108939,0.000107881,0.000101899,0.000102553,9.69991e-05,9.98287e-05,9.68801e-05,8.95513e-05,7.3195e-05,7.97148e-05,8.03549e-05
,,,DIL1B,0.000702661,0.000724735,0.000727356,0.000698884,0.000694863,0.000673139,0.000637593,0.000627208,0.000609844,0.000593326,0.000584696,0.000547048,0.000532002,0.000540898,0.000524127,0.000508056,0.000501684,0.000488617,0.000485988,0.00047767,0.000484411,0.000466717,0.000452808,0.000445635,0.000437529,0.000436632,0.000418637,0.000400805,0.000400388,0.000391138,0.000382424,0.000385728,0.00036704,0.000356616,0.000346609,0.000335734,0.000329653,0.000321107,0.000320616,0.000311761,0.000307083,0.000301469,0.000299507,0.000294568,0.000286963,0.00028438,0.000279526,0.000282528,0.000290896,0.000330229,0.000337727,0.000329511,0.000317217,0.000301908,0.000296879
,,,DIL1B(BGRD),0.000493401,0.000516464,0.000517521,0.000482091,0.000473205,0.00044779,0.000419341,0.000410063,0.000379618,0.000355728,0.000329806,0.000311208,0.000306851,0.000303455,0.000296575,0.000274891,0.00026319,0.000264729,0.000250246,0.000247502,0.000245999,0.000231321,0.000221096,0.00021939,0.000209828,0.00020586,0.000197862,0.000190221,0.0001841,0.000177468,0.000176981,0.000176727,0.000163283,0.000157215,0.000151218,0.000137021,0.000135142,0.000131935,0.000131487,0.000128683,0.000122593,0.000114812,0.000113361,0.000112144,0.000106153,0.000105117,0.000102298,0.000101132,9.62799e-05,9.67893e-05,9.75119e-05,8.76659e-05,7.2981e-05,7.91348e-05,8.5746e-05
H. triquetra,CCMP3174,0605_HTRI,MILQ,0.000464346,0.000485168,0.000482939,0.000453269,0.000448473,0.000424435,0.00041213,0.000396968,0.00036956,0.000340174,0.000338362,0.000319987,0.000309978,0.000306109,0.000306198,0.000295305,0.000284149,0.000286592,0.000272339,0.000276008,0.000273329,0.000259629,0.000253207,0.000254111,0.00024747,0.000239816,0.000233635,0.000226885,0.00022765,0.000216001,0.000221627,0.000222656,0.000210186,0.00020293,0.000194905,0.000187066,0.000186069,0.0001845,0.000181022,0.000178239,0.000168955,0.000167095,0.000167167,0.000162231,0.000160602,0.000163592,0.000157785,0.000152976,0.000156361,0.000155553,0.000149084,0.000147043,0.000130576,0.000143074,0.000134953
,,,MILQ(FILT),0.0003797,0.000394098,0.000394228,0.000364904,0.000360666,0.000339221,0.000322454,0.000323803,0.000282301,0.000262603,0.000258391,0.000241231,0.000230078,0.000233482,0.000220646,0.000217907,0.000200253,0.00019719,0.000189716,0.000191778,0.000187657,0.000177954,0.000170667,0.000167158,0.000160227,0.000159003,0.000151338,0.000148179,0.000141266,0.000140255,0.00013659,0.000137644,0.000127018,0.00012023,0.000116389,0.000106262,0.000103295,0.000103313,9.73272e-05,9.96474e-05,9.09302e-05,8.89313e-05,9.08833e-05,8.78661e-05,8.29696e-05,8.21495e-05,8.16697e-05,7.87226e-05,7.21171e-05,7.58605e-05,7.54735e-05,6.77396e-05,5.67553e-05,6.49334e-05,5.53686e-05
,,,DIL1A,0.0011285,0.00115946,0.00114104,0.00109309,0.00109416,0.00105682,0.00101002,0.000994346,0.000960152,0.000928876,0.000901107,0.000871587,0.000846232,0.000842943,0.000831192,0.000808327,0.000802137,0.000793854,0.000786036,0.000772062,0.000768359,0.000754927,0.00074371,0.000738582,0.000740497,0.000751901,0.000745463,0.000731515,0.0007389,0.000738372,0.000739576,0.00073368,0.000699447,0.000676828,0.000674302,0.000653506,0.000638256,0.000619953,0.000620685,0.000609344,0.000592568,0.000576245,0.000572101,0.000564673,0.000533274,0.000530647,0.000521209,0.000496484,0.000473195,0.000479377,0.000481176,0.0005125,0.000513868,0.000558225,0.00057201
,,,DIL1A(BGRD),0.000516855,0.00052424,0.000529355,0.000489771,0.000484094,0.000453421,0.000429828,0.000421715,0.00038624,0.000355564,0.000342357,0.000316025,0.000311257,0.00030859,0.000297556,0.000281538,0.000272723,0.000270778,0.000258462,0.000253251,0.000253083,0.00023947,0.000226771,0.000226186,0.000219107,0.000212436,0.000203264,0.000197962,0.000190827,0.000184382,0.000181433,0.000181506,0.00016985,0.000160782,0.000155539,0.000142023,0.000139578,0.000137549,0.000133941,0.000134368,0.000122178,0.000120144,0.000118436,0.000116616,0.000112325,0.000111682,0.00010689,0.000103381,9.97719e-05,0.000101173,9.87827e-05,9.23376e-05,7.71015e-05,8.42877e-05,8.28271e-05
,,,DIL1B,0.00113109,0.00116014,0.00114291,0.00109417,0.00108865,0.00105004,0.00101921,0.000982297,0.000954449,0.000917716,0.000894117,0.000843717,0.000825145,0.000821007,0.000817973,0.000799189,0.000782706,0.000782804,0.000763431,0.000752652,0.000749319,0.000729197,0.000727374,0.000707571,0.000705509,0.000708393,0.000707679,0.000693808,0.000695815,0.000690713,0.000696112,0.000683452,0.000656585,0.000635912,0.000632355,0.000610094,0.000601567,0.000577278,0.000583101,0.0005672,0.000559797,0.00054406,0.00054276,0.00053302,0.00051439,0.000500087,0.000495109,0.000479603,0.000462888,0.000473784,0.00047453,0.000487938,0.000492351,0.000520262,0.000518378
,,,DIL1B(BGRD),0.00052055,0.000534557,0.000538784,0.000496465,0.000494359,0.000460304,0.000430941,0.000428249,0.000391887,0.000367186,0.000344561,0.000328717,0.000313522,0.000311356,0.000308529,0.000288006,0.00027697,0.000272012,0.000261763,0.000255057,0.000254886,0.000243962,0.000227554,0.000231616,0.00021775,0.000217126,0.000204302,0.000203671,0.00019508,0.000187548,0.000187281,0.00018804,0.000172432,0.000164227,0.000158392,0.000146049,0.000142356,0.000138794,0.000138708,0.000134356,0.000128006,0.000123255,0.000121226,0.000118847,0.000116192,0.000114998,0.000111589,0.000106711,0.000101615,0.000106579,0.000101912,9.35552e-05,8.29899e-05,8.57949e-05,8.50789e-05
S. costatum,UTEX LB 2308,0606_SCOS,MILQ,0.000619782,0.000634396,0.000642723,0.00062183,0.000630066,0.000594817,0.000567904,0.000544537,0.000539741,0.000512598,0.000495648,0.000463796,0.000457072,0.000464974,0.000454808,0.000431127,0.000434708,0.000415263,0.000429233,0.000408675,0.000416478,0.000398994,0.000392493,0.000385618,0.000384354,0.000384462,0.000376886,0.000365105,0.000362337,0.000362094,0.000356144,0.000359267,0.000340445,0.000333329,0.000330477,0.000318514,0.000308235,0.000307465,0.000309772,0.000304013,0.000300228,0.000289729,0.000287449,0.000288642,0.000277337,0.000277904,0.000282667,0.000273517,0.000259308,0.000276875,0.000276181,0.000252246,0.000251074,0.000254222,0.000264604
,,,MILQ(FILT),0.00044992,0.000466106,0.000464674,0.000443649,0.000433822,0.000407555,0.000388957,0.000396761,0.000360195,0.000322345,0.000300151,0.000304115,0.000285721,0.000283116,0.00028316,0.000266016,0.000258314,0.000262692,0.000242719,0.000244144,0.000248828,0.000231551,0.000220056,0.00021567,0.000210275,0.00020792,0.000197471,0.000192507,0.00018784,0.000180247,0.000175528,0.000179472,0.000165536,0.000159842,0.000154758,0.000140788,0.00013915,0.000134608,0.000137971,0.000135879,0.000123562,0.000121944,0.000117903,0.000115359,0.000114941,0.000114531,0.000106193,0.000106462,0.000102605,0.000104157,0.000100488,0.00010009,8.41879e-05,9.09313e-05,8.11169e-05
,,,DIL1A,0.000865109,0.000889637,0.000885048,0.000846204,0.000855779,0.000817631,0.000783321,0.000770961,0.000747261,0.000727743,0.000691687,0.000637635,0.000627392,0.000618402,0.000611133,0.000597404,0.000582654,0.000577773,0.000563722,0.00055946,0.000547571,0.000521317,0.000520686,0.000503308,0.000506413,0.000501333,0.000483967,0.000471269,0.000468242,0.000455718,0.000455469,0.000453806,0.000430026,0.000416782,0.000410155,0.000390639,0.00038093,0.000375988,0.000369266,0.000362642,0.000354421,0.000346029,0.000339311,0.000337501,0.000323307,0.000319539,0.000321528,0.000318756,0.00032256,0.000343926,0.000348672,0.000348804,0.000323313,0.000328443,0.000310519
,,,DIL1A(BGRD),0.000498727,0.00051624,0.000510056,0.000477656,0.000470253,0.000449022,0.000422625,0.000412329,0.000370137,0.000344447,0.000330217,0.000307047,0.000304076,0.000295398,0.000292246,0.000272636,0.000263774,0.000260781,0.000250428,0.000244458,0.000246718,0.000230567,0.000224078,0.000217725,0.00020947,0.000208689,0.000198428,0.000189994,0.000185563,0.000175677,0.00017466,0.000176594,0.000163087,0.000158413,0.000153557,0.000138355,0.000134545,0.000129947,0.000129646,0.000130087,0.000115808,0.00011732,0.000115172,0.000114605,0.000110026,0.000107601,0.000100636,0.000102423,9.83353e-05,0.000100848,9.7613e-05,8.9568e-05,7.86143e-05,7.97897e-05,7.84547e-05
,,,DIL1B,0.000898733,0.000902066,0.000903563,0.000852992,0.000870993,0.000828809,0.000796396,0.000791132,0.000773446,0.000727846,0.000711848,0.000663525,0.000645101,0.000633916,0.000628392,0.000609044,0.000606359,0.000588793,0.000579207,0.000573681,0.000576215,0.00055232,0.000547421,0.000532001,0.000535494,0.000529998,0.000525233,0.000499123,0.00049651,0.000486072,0.000486265,0.000483121,0.000451659,0.00044081,0.000436389,0.00041852,0.000401552,0.000393764,0.000393811,0.000378657,0.000372968,0.000361712,0.000356537,0.000356278,0.000338753,0.000340979,0.000333906,0.000329282,0.0003438,0.00037359,0.000372325,0.000373034,0.000338405,0.000353416,0.00032669
,,,DIL1B(BGRD),0.000492707,0.000522473,0.000519021,0.000478743,0.000470242,0.000443758,0.000423689,0.000411959,0.000377282,0.000347112,0.000331685,0.000311471,0.000309235,0.000297399,0.000296032,0.0002742,0.000262549,0.000263931,0.00024626,0.000246335,0.000244762,0.000230284,0.000217239,0.000218387,0.000208966,0.000206279,0.000198125,0.000188505,0.000186658,0.000177486,0.000172854,0.000177536,0.000163767,0.000154212,0.000151556,0.000138639,0.000132394,0.000131972,0.000128784,0.00013083,0.00011981,0.00011556,0.000113624,0.000112858,0.000110813,0.000106894,0.000105001,0.000100422,9.86766e-05,9.72155e-05,9.16982e-05,8.59634e-05,7.44949e-05,7.90033e-05,8.084e-05
G. oceanica,CCMP2051,0609_GOCN,MILQ,0.000552047,0.000567276,0.000567551,0.000543126,0.000538159,0.000515944,0.000495335,0.000483711,0.000463177,0.000430265,0.000422368,0.000400019,0.00039182,0.000388757,0.00038277,0.000366971,0.000362849,0.000357162,0.000360067,0.000347596,0.000354527,0.000335954,0.000331366,0.000325599,0.000318897,0.000327751,0.000314877,0.000303195,0.000301503,0.000298086,0.000293599,0.000291111,0.000280764,0.000278098,0.000269855,0.000254879,0.000255518,0.000245986,0.000252549,0.000253362,0.000244711,0.000238822,0.0002374,0.000235942,0.000225726,0.000231642,0.000229669,0.000233054,0.000218125,0.000226299,0.000226902,0.00021708,0.000203262,0.000209873,0.00021275
,,,MILQ(FILT),0.000408435,0.000408234,0.000407076,0.000382457,0.000378739,0.000359488,0.000333821,0.000334822,0.000300944,0.000276872,0.000266714,0.00024487,0.000244937,0.000244774,0.000235801,0.000223275,0.000209157,0.00020993,0.000203286,0.000198972,0.000197441,0.00018697,0.000177604,0.000177994,0.000169233,0.000166489,0.000160609,0.00015438,0.000149932,0.000146634,0.000144142,0.000149031,0.000134313,0.000126992,0.000124928,0.000109062,0.000110445,0.000106081,0.000106826,0.00010787,9.75717e-05,9.51748e-05,9.40252e-05,9.37059e-05,8.77653e-05,8.74931e-05,8.45478e-05,8.12817e-05,8.12104e-05,8.31775e-05,7.91322e-05,7.35706e-05,6.26419e-05,6.36963e-05,6.06963e-05
,,,DIL1A,0.000740069,0.000753041,0.000750655,0.000708818,0.000726185,0.000683422,0.00064401,0.000633836,0.000626297,0.000606391,0.000574641,0.000541113,0.000540303,0.000541428,0.000533544,0.000508302,0.000510724,0.000494504,0.000493552,0.000483701,0.000480195,0.000466702,0.000459447,0.000454167,0.000445329,0.000444288,0.000435421,0.000413191,0.000413497,0.000404292,0.000403384,0.000395443,0.000379005,0.000372368,0.000362742,0.000347479,0.000333237,0.000324659,0.000329771,0.000317622,0.000316187,0.000301541,0.000299521,0.000297078,0.000281319,0.000283113,0.000280314,0.000278347,0.000275069,0.000294208,0.000306912,0.000293427,0.00026557,0.00026852,0.000268187
,,,DIL1A(BGRD),0.000504748,0.000517159,0.000515021,0.000479321,0.000475229,0.000440307,0.000418848,0.000415303,0.000371404,0.000345615,0.000332348,0.000304909,0.000297738,0.000292672,0.000291399,0.000273108,0.000262623,0.000261728,0.000250228,0.00024467,0.000243799,0.000227443,0.000219676,0.000218186,0.000212142,0.000205254,0.0001961,0.000189906,0.0001813,0.000179472,0.000171753,0.000173385,0.000161801,0.000156249,0.000147119,0.00013814,0.000130312,0.000129164,0.000131531,0.000126017,0.000115394,0.000113365,0.000111447,0.000110881,0.00010725,0.000105491,0.000101617,9.94271e-05,9.44754e-05,9.62482e-05,9.02598e-05,8.60424e-05,7.01282e-05,7.87684e-05,8.31654e-05
,,,DIL1B,0.000695454,0.00073145,0.000725446,0.000689971,0.000693352,0.000652365,0.00062931,0.000607961,0.000598693,0.00058104,0.000558677,0.000529324,0.000520156,0.000526702,0.000515912,0.000495325,0.00048744,0.000474939,0.000469929,0.00046763,0.000467486,0.000446519,0.000441324,0.000434673,0.000427574,0.000429209,0.00041522,0.000391584,0.000387714,0.000383204,0.000376167,0.000372472,0.000355382,0.000345662,0.000335523,0.000323285,0.000313872,0.000305685,0.000309076,0.000301028,0.000294003,0.000283173,0.000283981,0.000280235,0.00026738,0.000264213,0.000267939,0.000258941,0.000261277,0.000297462,0.000298202,0.000291898,0.00027287,0.000262193,0.000257538
,,,DIL1B(BGRD),0.000498077,0.000522136,0.000520254,0.000485063,0.000478018,0.0004495,0.000423943,0.00041509,0.000388273,0.00035562,0.000336449,0.000312772,0.000309965,0.000301487,0.000293642,0.000276729,0.000269916,0.000259401,0.000252211,0.000244712,0.000247217,0.000233944,0.000220346,0.000221166,0.000214409,0.000210979,0.000198311,0.000191321,0.000186738,0.000178884,0.000174589,0.00017631,0.000166872,0.000155443,0.000152708,0.000140194,0.000133984,0.000133096,0.000131082,0.000130773,0.000119293,0.000117553,0.000114534,0.00011112,0.000108208,0.000107834,0.000104212,0.000100319,9.82443e-05,9.89272e-05,9.7455e-05,8.95294e-05,7.69751e-05,8.13447e-05,7.88745e-05
A. sanguineae,CCMP3265,0613_ASAN,MILQ,0.000394644,0.000401909,0.000393385,0.000374846,0.000368569,0.000354559,0.00033111,0.000326088,0.000287614,0.000271207,0.000257697,0.000253287,0.000240811,0.000238558,0.000226228,0.00022154,0.000210917,0.000207449,0.000201331,0.000196247,0.000188205,0.000184095,0.000180073,0.000170425,0.000166974,0.000159457,0.000157617,0.000154028,0.000145933,0.000142211,0.000141627,0.000137498,0.000128281,0.000125433,0.000120499,0.000106265,0.000106178,0.000102537,9.78716e-05,9.69576e-05,9.64163e-05,9.15993e-05,9.03103e-05,8.87362e-05,8.7049e-05,8.53374e-05,8.29e-05,8.09477e-05,8.09303e-05,7.85643e-05,7.59148e-05,7.5489e-05,6.3103e-05,6.40392e-05,6.04786e-05
,,,MILQ(FILT),0.000394644,0.000401909,0.000393385,0.000374846,0.000368569,0.000354559,0.00033111,0.000326088,0.000287614,0.000271207,0.000257697,0.000253287,0.000240811,0.000238558,0.000226228,0.00022154,0.000210917,0.000207449,0.000201331,0.000196247,0.000188205,0.000184095,0.000180073,0.000170425,0.000166974,0.000159457,0.000157617,0.000154028,0.000145933,0.000142211,0.000141627,0.000137498,0.000128281,0.000125433,0.000120499,0.000106265,0.000106178,0.000102537,9.78716e-05,9.69576e-05,9.64163e-05,9.15993e-05,9.03103e-05,8.87362e-05,8.7049e-05,8.53374e-05,8.29e-05,8.09477e-05,8.09303e-05,7.85643e-05,7.59148e-05,7.5489e-05,6.3103e-05,6.40392e-05,6.04786e-05
,,,DIL1A,0.0013498,0.00137291,0.00136404,0.00131732,0.00134205,0.00130386,0.00126993,0.00126738,0.00122844,0.00120344,0.00120765,0.00116919,0.00114601,0.00114259,0.00115069,0.00115231,0.00114216,0.00115471,0.00115515,0.00115445,0.0011499,0.00115132,0.00114395,0.00113708,0.00114023,0.00116872,0.0011687,0.00115089,0.00114977,0.0011384,0.00113718,0.00112481,0.00107933,0.00105555,0.00105257,0.00101672,0.000999506,0.000983208,0.000969878,0.000955128,0.000944285,0.000894384,0.000906806,0.000882365,0.000842629,0.000827397,0.000803826,0.000753079,0.000691857,0.000706436,0.000701988,0.00075412,0.000790135,0.000858531,0.000896224
,,,DIL1A(BGRD),0.000534104,0.000542489,0.000540544,0.000499396,0.000495015,0.000466047,0.000436619,0.000431919,0.000391901,0.000372727,0.000347954,0.000325403,0.000321778,0.000315033,0.000308767,0.000289704,0.000278085,0.000276976,0.00026509,0.000259798,0.000256301,0.000246852,0.000228865,0.000230583,0.000221028,0.000216179,0.000208088,0.000202145,0.00019695,0.00018651,0.000187191,0.000190059,0.000172489,0.000166578,0.000159655,0.000146398,0.00014455,0.000142345,0.000139074,0.000138181,0.000127682,0.000123609,0.000122962,0.000122339,0.00011518,0.00011432,0.000111876,0.000109398,0.000101891,0.000104709,0.000103868,9.31778e-05,8.10698e-05,8.22542e-05,8.60385e-05
,,,DIL1B,0.00137119,0.00141194,0.00138152,0.00134591,0.00137704,0.00133526,0.00130693,0.00127874,0.00125352,0.00124596,0.00123147,0.00120289,0.00119009,0.00120343,0.0012055,0.00119841,0.00119403,0.0012051,0.00121205,0.00119394,0.00120951,0.00120158,0.00122435,0.00120514,0.00122942,0.00124627,0.00124599,0.00122941,0.00124035,0.00122071,0.00122351,0.00120992,0.00116894,0.00115,0.00114202,0.00111108,0.00110638,0.00106035,0.00106678,0.00103797,0.00101313,0.000997711,0.000983397,0.000970506,0.000920073,0.000910854,0.000885741,0.000821087,0.000762679,0.000755582,0.000743699,0.000796788,0.000857745,0.00094663,0.000983798
,,,DIL1B(BGRD),0.000531759,0.000551432,0.000538516,0.000509651,0.000496735,0.000470288,0.000448312,0.000432882,0.000402756,0.000369225,0.000352138,0.000332067,0.000323429,0.000319918,0.000310307,0.000295915,0.000285251,0.000277951,0.000267,0.000263341,0.000263476,0.000246699,0.000235135,0.000234958,0.000226004,0.00022296,0.000213312,0.000207793,0.000199271,0.000192712,0.000186814,0.000190871,0.000176709,0.000170493,0.000164473,0.000150726,0.000148812,0.000143169,0.00014143,0.000141242,0.000129991,0.000127442,0.000125279,0.000122741,0.000118399,0.000114422,0.000111141,0.000109878,0.000103761,0.000104549,0.000101601,9.45827e-05,8.55742e-05,8.94389e-05,8.86623e-05
T. diporocyclus,CCMP3732,0617_TDIP,MILQ,0.000454327,0.000469979,0.000456655,0.000431511,0.000421671,0.000402111,0.000376358,0.000384315,0.00033723,0.00032589,0.000318778,0.000300114,0.000296548,0.000283562,0.000286687,0.000266867,0.000258064,0.00026137,0.000246736,0.000247468,0.000242804,0.000231765,0.00022793,0.000228409,0.000218111,0.000219039,0.000205432,0.000202575,0.000195177,0.000197208,0.000192564,0.000191344,0.000179275,0.000175323,0.000172475,0.000157893,0.000158136,0.000151372,0.000151329,0.000152826,0.000146377,0.0001461,0.000145168,0.000141223,0.000140178,0.000137623,0.000130196,0.000133035,0.000129492,0.000127955,0.000120766,0.000129104,0.000104788,0.00011504,0.000110504
,,,MILQ(FILT),0.000387933,0.000387391,0.000377428,0.000362726,0.000351156,0.000329005,0.000319231,0.000305373,0.000282842,0.000255343,0.000255226,0.000229067,0.000229608,0.000229904,0.000217707,0.000210323,0.000196019,0.000198585,0.000190054,0.000188437,0.000176506,0.000171202,0.000164014,0.000165124,0.000161489,0.000156603,0.00014706,0.000143371,0.000139774,0.000139705,0.000137625,0.000133869,0.000127155,0.000119321,0.000116872,0.000103966,0.000103495,0.000102223,9.79603e-05,9.74832e-05,9.21872e-05,9.04857e-05,8.76167e-05,8.71034e-05,7.96557e-05,8.05542e-05,7.90754e-05,7.67069e-05,7.48431e-05,7.81728e-05,7.29457e-05,6.99895e-05,6.37634e-05,5.6807e-05,5.30545e-05
,,,DIL1A,0.00118124,0.00119638,0.00120394,0.00115111,0.00116169,0.00111196,0.00108829,0.00107146,0.00102988,0.00100359,0.000975791,0.000912475,0.000863583,0.000864455,0.000866141,0.000840619,0.000819146,0.000814037,0.000801809,0.000790134,0.000771562,0.00075578,0.000741831,0.000727763,0.00072138,0.000723283,0.000700945,0.000671214,0.0006614,0.000648253,0.000653072,0.000644604,0.000611025,0.000599881,0.000585149,0.000552531,0.00054572,0.000526787,0.000526943,0.000527992,0.000501573,0.000488621,0.000490428,0.000478717,0.000455185,0.000450872,0.000444412,0.000438054,0.000443554,0.000477809,0.000490512,0.000495696,0.000463119,0.000458278,0.00044189
,,,DIL1A(BGRD),0.000504388,0.000515002,0.0005151,0.000487397,0.000470293,0.000443995,0.000428786,0.000412664,0.000381799,0.000347357,0.000339173,0.000309347,0.000309148,0.000298855,0.000294695,0.00027537,0.000266724,0.000261699,0.000252419,0.000250509,0.000246574,0.000231128,0.000217102,0.00021945,0.000208446,0.000204373,0.000198299,0.000193644,0.000189072,0.000178805,0.000175152,0.000178203,0.000164468,0.000155841,0.000155881,0.000138941,0.000132775,0.000131339,0.000131691,0.000129574,0.000119494,0.000116868,0.000115749,0.000109509,0.000109172,0.000107347,0.000104908,0.000102174,9.69482e-05,0.000100639,9.90874e-05,9.03401e-05,7.85448e-05,7.92526e-05,8.24897e-05
,,,DIL1B,0.00113886,0.00115208,0.00114093,0.00108842,0.00111688,0.00107456,0.00105948,0.00102941,0.00100978,0.000995055,0.000952585,0.00090652,0.000876596,0.000868643,0.000857705,0.000824871,0.000811919,0.000795502,0.00077379,0.000766145,0.000768549,0.000749971,0.00073909,0.000717824,0.000720393,0.000713724,0.000695778,0.000680783,0.000662789,0.000659939,0.000649598,0.000638317,0.000615592,0.00059339,0.000585524,0.000556744,0.000546048,0.000528637,0.000523353,0.000519139,0.000505295,0.000490465,0.000485097,0.000477291,0.000455692,0.000447576,0.00045064,0.000440512,0.000454199,0.000499092,0.000514004,0.000507982,0.000476743,0.000474201,0.000465191
,,,DIL1B(BGRD),0.000510289,0.000516196,0.000515716,0.000479868,0.000465312,0.000439774,0.00041918,0.000405266,0.000377628,0.000335309,0.000331456,0.000311841,0.000309416,0.000301226,0.000292847,0.000274957,0.00026431,0.000258848,0.00024524,0.000242411,0.000243869,0.000229954,0.000220771,0.000216209,0.000208514,0.000203634,0.000194234,0.000189947,0.000179767,0.000179365,0.000170707,0.000174416,0.000161625,0.000154201,0.000149771,0.000136726,0.000132023,0.000131545,0.000128578,0.000127107,0.000115445,0.000114915,0.000110724,0.000114265,0.000104495,0.000104689,0.000103801,9.95173e-05,9.52926e-05,9.5399e-05,9.30652e-05,8.58812e-05,7.29836e-05,7.66769e-05,7.65512e-05
C. meneghiniana,CCMP338,0618_CMEN,MILQ,0.00044634,0.000467888,0.000452868,0.00043426,0.000425703,0.000405641,0.000394298,0.000387836,0.000355563,0.000339703,0.000314422,0.0003087,0.000298578,0.000291746,0.0002861,0.000277866,0.000265813,0.000268085,0.000258464,0.000253907,0.000248532,0.00024328,0.000232055,0.000228123,0.000226812,0.000224175,0.000216305,0.000207817,0.000208129,0.000205105,0.000198871,0.000198918,0.000187741,0.000179217,0.000178522,0.000169219,0.000167977,0.000162338,0.000164418,0.000159207,0.000153243,0.000152293,0.000150008,0.000153287,0.00014602,0.000146632,0.000137329,0.00013912,0.000140517,0.000134618,0.000140393,0.000126154,0.000118024,0.000128211,0.000118159
,,,MILQ(FILT),0.000375869,0.000393398,0.000382644,0.000366667,0.000361947,0.000338412,0.000322645,0.00031913,0.000295851,0.000257569,0.00026587,0.000228567,0.000237728,0.000228559,0.000222432,0.000215168,0.000197341,0.000197579,0.000192812,0.000196461,0.000181441,0.000176873,0.000171166,0.000168522,0.000162647,0.0001555,0.000148917,0.000149723,0.00014123,0.000141427,0.000140253,0.000136862,0.000131085,0.000120305,0.000113206,0.000107388,0.000104803,0.000100889,9.63297e-05,9.82049e-05,9.27811e-05,9.27808e-05,9.16574e-05,8.8603e-05,8.31753e-05,8.22373e-05,7.92132e-05,7.78475e-05,7.36927e-05,7.77974e-05,7.18401e-05,7.28188e-05,5.77071e-05,5.8855e-05,6.24398e-05
,,,DIL1A,0.00132839,0.00135039,0.00133663,0.00128931,0.00130166,0.00124875,0.0012019,0.00120027,0.0011405,0.00111161,0.00108705,0.00102906,0.000994722,0.000988219,0.000981525,0.000952268,0.000923759,0.00091805,0.000908775,0.000890799,0.000884981,0.000865767,0.000846098,0.000818932,0.000816019,0.000807145,0.000781444,0.00076856,0.000751714,0.000739211,0.000732644,0.000726415,0.00069876,0.000675565,0.000661171,0.00063742,0.000622348,0.000608133,0.000608396,0.000596929,0.000592951,0.000573081,0.000570298,0.000555573,0.00052951,0.00052962,0.000523484,0.000524878,0.000519137,0.000545661,0.000543485,0.000526258,0.000513993,0.000504163,0.000506727
,,,DIL1A(BGRD),0.000506695,0.000511617,0.000514895,0.000484292,0.000469205,0.000444629,0.000426286,0.000415738,0.000386297,0.000354864,0.00034193,0.000314067,0.000310301,0.000297756,0.000292024,0.000274963,0.000265641,0.000265565,0.000254574,0.000250456,0.000245054,0.000233393,0.000220303,0.000220797,0.000212635,0.000206424,0.000197424,0.00019382,0.000183203,0.000178759,0.000176456,0.000176322,0.00016376,0.000154172,0.000153916,0.000138355,0.000136043,0.000132107,0.00012901,0.000128156,0.000118809,0.000117755,0.000114228,0.000111115,0.000108874,0.00010655,0.00010524,0.00010004,9.81609e-05,9.79338e-05,9.84923e-05,8.6721e-05,7.54592e-05,8.36415e-05,8.29663e-05
,,,DIL1B,,,,,,,,,,,,,,,,,,,,,,,,,,,,,,,,,,,,,,,,,,,,,,,,,,,,,,,
,,,DIL1B(BGRD),,,,,,,,,,,,,,,,,,,,,,,,,,,,,,,,,,,,,,,,,,,,,,,,,,,,,,,
T. sp.,CCMP908,0623_TSEL,MILQ,0.000503045,0.000528605,0.000520909,0.000489275,0.000481084,0.000468192,0.000443315,0.000440224,0.000412646,0.000376068,0.000370925,0.000341803,0.000346805,0.000346454,0.000340584,0.000329883,0.000319499,0.000316109,0.000314592,0.000301305,0.00030559,0.000296093,0.000283867,0.000285365,0.000278463,0.000275056,0.000264138,0.000257356,0.000253858,0.000249586,0.000243707,0.000248002,0.000238263,0.000224578,0.000224694,0.000209865,0.000208159,0.00019949,0.000202715,0.00020383,0.000196718,0.00019071,0.000191311,0.000187602,0.000181092,0.000184319,0.000181079,0.000180601,0.000179259,0.000178097,0.000178267,0.000170278,0.000152058,0.000159099,0.000151713
,,,MILQ(FILT),0.000394326,0.000407227,0.000405381,0.000380364,0.000372111,0.000348365,0.000326536,0.000320321,0.000291713,0.000269668,0.000264221,0.000251972,0.000242423,0.000236709,0.00023356,0.000220693,0.000207556,0.000210103,0.000200572,0.000200895,0.000192829,0.000186403,0.000177825,0.000174659,0.00016985,0.000162838,0.000158656,0.000155198,0.00014722,0.000146204,0.00013944,0.000140756,0.000130833,0.000126171,0.000121596,0.00011176,0.000109563,0.000106294,0.00010306,0.000107074,9.40959e-05,9.12355e-05,9.35537e-05,9.27421e-05,8.96748e-05,8.96004e-05,8.75769e-05,8.2362e-05,7.8275e-05,8.00572e-05,7.28868e-05,7.44147e-05,5.94599e-05,6.55159e-05,5.74104e-05
,,,DIL1A,0.00196747,0.00203974,0.002109,0.002091,0.00215019,0.00210325,0.00203584,0.00204218,0.00196914,0.00195986,0.00195546,0.00194446,0.00197915,0.00206304,0.00216939,0.00221896,0.00229117,0.00239809,0.00245817,0.00248297,0.00249263,0.00243139,0.00239101,0.00230898,0.00227957,0.00223932,0.00215603,0.00206638,0.002029,0.00195474,0.00192432,0.0018939,0.00178745,0.00173634,0.00172424,0.00166855,0.0016254,0.00158204,0.00158328,0.00154521,0.00151994,0.00146203,0.00142811,0.00135792,0.00127637,0.00127118,0.00128474,0.00126801,0.00128742,0.00140881,0.00152284,0.00165461,0.0016872,0.00179958,0.00182252
,,,DIL1A(BGRD),0.000512084,0.000524643,0.00053175,0.00050129,0.000491737,0.000463339,0.000435124,0.000414819,0.000390672,0.000365,0.00033992,0.000328051,0.000310127,0.00031436,0.000302176,0.000288049,0.000280579,0.000272896,0.00026108,0.00025655,0.000254523,0.000242499,0.000229338,0.000230817,0.000224699,0.000217458,0.000206557,0.000201851,0.000197527,0.000191294,0.000185126,0.000187445,0.000176427,0.000165774,0.000159989,0.000147631,0.000143934,0.000143136,0.000136932,0.000138011,0.000128317,0.000126207,0.000121639,0.000119358,0.000114999,0.000114832,0.000112749,0.000110537,0.000104483,0.000105544,0.000105984,9.40171e-05,8.5496e-05,8.23974e-05,8.34294e-05
,,,DIL1B,0.00187488,0.00193835,0.00196072,0.00196623,0.00203231,0.00199759,0.0019612,0.00196279,0.00192042,0.00191116,0.00189052,0.00190143,0.00193267,0.00201708,0.00214477,0.00224747,0.00234911,0.00248998,0.0025761,0.0026312,0.00265922,0.00258683,0.00253622,0.00244471,0.0024081,0.00237727,0.00230344,0.00219298,0.00213433,0.00203972,0.00201717,0.00198938,0.0018826,0.00180135,0.00179838,0.00172808,0.00170053,0.0016486,0.0016403,0.00161252,0.00156281,0.00152013,0.00148294,0.0014,0.00131575,0.00131572,0.0013204,0.00130663,0.00133883,0.00148097,0.00161304,0.00178039,0.00184178,0.00201119,0.00205555
,,,DIL1B(BGRD),0.000501183,0.000536624,0.000533917,0.000497206,0.000491503,0.000468615,0.000437598,0.000430898,0.000397069,0.000367435,0.00034593,0.000323976,0.000313999,0.000313506,0.000310043,0.000284739,0.000275752,0.000276419,0.00026143,0.000258348,0.000261017,0.000242166,0.000229083,0.000230265,0.000223852,0.000217029,0.000212755,0.000199555,0.000196337,0.000187486,0.000184447,0.000187318,0.000171346,0.000162903,0.000159097,0.000147775,0.00013955,0.000142699,0.000138202,0.000132227,0.000127846,0.000121381,0.000123881,0.000122649,0.000116328,0.000114927,0.000113171,0.000111949,0.000102296,0.000105739,0.00010367,9.03491e-05,8.26841e-05,8.60698e-05,8.71959e-05
C. longipes,CCMP1770,0624_CLON,MILQ,0.00065443,0.000535621,0.000542337,0.000514453,0.000521653,0.000507357,0.000468505,0.000456481,0.000432457,0.000403661,0.000399453,0.000376895,0.000366009,0.000353436,0.000363782,0.000350659,0.000342118,0.000329719,0.000332822,0.000328171,0.000324364,0.000309792,0.000301364,0.000305263,0.000295732,0.000293342,0.000289312,0.000279985,0.000273713,0.000270772,0.000269167,0.000269368,0.000254518,0.000245931,0.000238205,0.000230496,0.000224406,0.000213283,0.000223378,0.000225328,0.000224319,0.000219517,0.000205096,0.00020758,0.000195261,0.00019784,0.000199138,0.000194574,0.000188,0.000185313,0.000192333,0.000186589,0.000170308,0.000174863,0.000177202
,,,MILQ(FILT),0.000395699,0.000395874,0.00039547,0.00037694,0.000361001,0.000340067,0.000329536,0.000332901,0.000286769,0.000265824,0.000268424,0.000236186,0.000234027,0.000230977,0.000227192,0.000212985,0.000199854,0.000203011,0.000192788,0.000196484,0.000189461,0.000179847,0.000172761,0.000168605,0.000163596,0.000158215,0.000153321,0.000152578,0.00014146,0.00014073,0.000140289,0.000139326,0.000132657,0.00012229,0.000117571,0.000108947,0.000104867,0.000105034,0.000100903,0.00010381,9.50354e-05,9.34724e-05,8.7366e-05,8.9598e-05,8.55903e-05,8.38297e-05,7.81498e-05,7.64422e-05,7.579e-05,7.9807e-05,7.45834e-05,7.87472e-05,6.58103e-05,5.90822e-05,5.90929e-05
,,,DIL1A,0.00130202,0.00134923,0.00135363,0.0013215,0.00132349,0.00128207,0.00126956,0.00124202,0.00122666,0.00118611,0.00117273,0.00113577,0.00111888,0.00110966,0.00110412,0.00109397,0.00107863,0.00107031,0.00106239,0.00105683,0.00103593,0.00102267,0.00101378,0.00100164,0.00098937,0.000987574,0.000995849,0.000950413,0.000946594,0.000936907,0.000937092,0.000936089,0.000900549,0.000884608,0.000878636,0.000855627,0.000832618,0.000818348,0.000824652,0.000818965,0.000800147,0.000774868,0.00078636,0.000775426,0.000731362,0.000731916,0.000727105,0.000711112,0.000699195,0.000709976,0.000710682,0.000710968,0.000685293,0.000696692,0.000698109
,,,DIL1A(BGRD),0.000561752,0.000577911,0.000580878,0.000540887,0.000538988,0.000514407,0.000485511,0.000473255,0.000437517,0.000407081,0.000396583,0.000367242,0.000362747,0.000357276,0.000348736,0.000338991,0.000328614,0.000318833,0.000309211,0.000304266,0.00030585,0.000290943,0.000278183,0.000280653,0.000277512,0.000270107,0.000259297,0.00024913,0.000246592,0.000242339,0.000235515,0.000237038,0.000224555,0.000216667,0.000210426,0.000194859,0.000187928,0.000187155,0.000189475,0.000182848,0.000177518,0.000172962,0.000170798,0.00016782,0.000161737,0.000160706,0.000154588,0.000157385,0.000146902,0.000151771,0.000150217,0.000147747,0.00013564,0.000134833,0.000144622
,,,DIL1B,0.00119125,0.00122728,0.00123479,0.00119424,0.00118546,0.00115424,0.00112739,0.00111402,0.00108914,0.00105175,0.00104535,0.000989978,0.000983581,0.000976974,0.000977319,0.00095262,0.000941147,0.000930711,0.000923447,0.000911655,0.000920514,0.000904839,0.000892932,0.000880518,0.000876748,0.000875413,0.000862621,0.000853983,0.000844758,0.000841085,0.000837394,0.00083156,0.000800612,0.00078805,0.000772915,0.000737765,0.000737973,0.000714536,0.000716754,0.000722154,0.000699627,0.000685828,0.000689745,0.000685741,0.000656773,0.000643338,0.000648198,0.000642238,0.000630574,0.00063915,0.000624982,0.000622853,0.000601041,0.000615197,0.000620801
,,,DIL1B(BGRD),0.000537078,0.000550553,0.000548321,0.000513787,0.000506176,0.000480069,0.000451781,0.000431215,0.00040977,0.000373271,0.000365768,0.000338307,0.0003278,0.000329993,0.000315737,0.000294088,0.000286698,0.000277278,0.000270051,0.000263092,0.000269445,0.00024862,0.000236856,0.000237519,0.000228798,0.00022442,0.000213199,0.000204648,0.000202383,0.000194149,0.000191263,0.00019063,0.000174568,0.000170261,0.000162236,0.000147527,0.000146918,0.000142812,0.00013876,0.00014098,0.000131675,0.000126891,0.000124896,0.00012316,0.000117924,0.000119107,0.000111651,0.000107609,0.000104326,0.000106518,0.000103733,9.39187e-05,8.35105e-05,8.36324e-05,8.64294e-05
C. meneghiniana,CCMP338,0625_CMEN,MILQ,0.000631596,0.000658629,0.000647729,0.000624173,0.000633807,0.000603395,0.000582002,0.000552852,0.00056045,0.00053062,0.00050417,0.000476039,0.000462408,0.000466616,0.000463173,0.000451135,0.000442128,0.000438477,0.000435735,0.000423107,0.000424579,0.000417574,0.000398556,0.00040046,0.000393651,0.000399648,0.000386225,0.000377834,0.000376406,0.0003691,0.000371194,0.000374676,0.000359771,0.000357435,0.000349616,0.000338439,0.000329876,0.00032159,0.000323619,0.000325225,0.000312688,0.000307072,0.000314092,0.000305936,0.000296815,0.000299795,0.000302851,0.000304107,0.00029374,0.000298537,0.000300195,0.000288631,0.000283248,0.00028657,0.000282683
,,,MILQ(FILT),0.000419266,0.00043204,0.000432902,0.000407093,0.000402056,0.000381149,0.000359404,0.000351399,0.000325033,0.000300104,0.000283379,0.000280703,0.000274917,0.00026193,0.000251615,0.000240532,0.0002304,0.000230619,0.000213642,0.000220914,0.00021746,0.000206474,0.000193492,0.000200245,0.000187094,0.000185865,0.000178353,0.000174884,0.000165078,0.000162081,0.000160313,0.000160245,0.000145698,0.000139532,0.00013559,0.000123704,0.000122,0.000121262,0.000119976,0.000120325,0.000110041,0.000107401,0.000103283,0.000101263,0.000102809,9.99056e-05,9.37392e-05,9.09029e-05,9.07288e-05,9.18378e-05,8.90018e-05,8.63206e-05,7.13731e-05,7.90905e-05,7.6837e-05
,,,DIL1A,0.00103799,0.00105303,0.00105293,0.00101483,0.00102627,0.000997825,0.000960801,0.000952494,0.000907329,0.000877557,0.000857253,0.000816715,0.000777088,0.00076814,0.00076056,0.000735745,0.000725277,0.000725693,0.000718878,0.00070593,0.000705852,0.000683818,0.000678633,0.000651559,0.000653989,0.000644554,0.000638762,0.000621104,0.000614435,0.000608313,0.000589866,0.000588306,0.000562124,0.000544928,0.000551652,0.000516864,0.000510321,0.000488891,0.000497029,0.000493894,0.000475106,0.000460894,0.000467356,0.0004542,0.0004294,0.000432854,0.000431489,0.000418696,0.000422602,0.000450914,0.000444685,0.000454474,0.000425319,0.000434185,0.000421659
,,,DIL1A(BGRD),0.000509546,0.000524135,0.000524457,0.000482948,0.000472211,0.000452273,0.000428723,0.000414874,0.000382998,0.000354588,0.000329675,0.000316217,0.000310572,0.000300224,0.000293751,0.000278014,0.000270739,0.000262663,0.000252019,0.00024902,0.000248446,0.000230223,0.000219773,0.000221603,0.000212269,0.00020749,0.000199073,0.000192348,0.000184628,0.000179369,0.000177922,0.000174702,0.000166707,0.000154909,0.000151605,0.000139568,0.000133643,0.000133981,0.000130485,0.000128107,0.000118306,0.000116732,0.000114708,0.000112578,0.000106416,0.000106002,0.000104893,0.000107929,0.000102188,0.000109566,0.00010234,8.91585e-05,7.74906e-05,7.72986e-05,8.30828e-05
,,,DIL1B,,,,,,,,,,,,,,,,,,,,,,,,,,,,,,,,,,,,,,,,,,,,,,,,,,,,,,,
,,,DIL1B(BGRD),,,,,,,,,,,,,,,,,,,,,,,,,,,,,,,,,,,,,,,,,,,,,,,,,,,,,,,
H. akashiwo,CCMP3374,0701_HAKA,MILQ,0.00046616,0.000485926,0.000493771,0.000458699,0.000461611,0.000434245,0.000416432,0.000410569,0.000380745,0.000358047,0.000335789,0.000322768,0.000322424,0.000312664,0.000311797,0.000300717,0.000294269,0.000289299,0.000282826,0.000276268,0.000286994,0.000270932,0.000257996,0.000255038,0.000249734,0.000246406,0.000234532,0.000233964,0.000229182,0.000222273,0.000219972,0.000227908,0.000212105,0.000205121,0.000199493,0.000186456,0.000190082,0.000183015,0.000182892,0.000182568,0.000172645,0.000172521,0.000164627,0.000166406,0.000162158,0.000162483,0.000161099,0.000159212,0.000151447,0.000152822,0.000152708,0.000144874,0.00013827,0.000141159,0.000141752
,,,MILQ(FILT),0.000378595,0.000383054,0.000380878,0.000365396,0.000352365,0.000330579,0.000318601,0.000311151,0.000284888,0.000256756,0.000246143,0.000217253,0.000233038,0.000225825,0.000217091,0.000211231,0.000193845,0.00019788,0.000192321,0.000190612,0.000179598,0.000172172,0.000164647,0.000162913,0.000159306,0.000154975,0.000148769,0.000148074,0.000138098,0.000140357,0.000136868,0.000131961,0.000124862,0.000119417,0.000111757,0.000105317,0.000105161,0.000102758,9.7454e-05,9.63503e-05,9.26277e-05,9.14756e-05,8.84421e-05,8.69561e-05,8.02413e-05,8.12167e-05,7.93626e-05,7.70954e-05,7.30057e-05,7.4749e-05,6.94291e-05,7.15695e-05,5.70424e-05,5.91718e-05,5.36302e-05
,,,DIL1A,0.00147744,0.00149738,0.00147601,0.00141875,0.00143416,0.00138551,0.00134188,0.00132683,0.0012851,0.00124678,0.00120683,0.00114722,0.00112442,0.00110365,0.00109933,0.0010813,0.00105395,0.00105095,0.00104835,0.00104226,0.00102533,0.00100582,0.000993676,0.000973336,0.000982495,0.000980005,0.000969331,0.000951429,0.000931231,0.000918746,0.000917269,0.000905025,0.00086597,0.000854488,0.000828093,0.000807357,0.000772692,0.00074438,0.000741922,0.000736469,0.000707829,0.000693305,0.000687084,0.000669426,0.000639778,0.00062895,0.000618089,0.000591896,0.000595144,0.000639306,0.000652815,0.000658546,0.000657333,0.00068179,0.00069358
,,,DIL1A(BGRD),0.000528318,0.000537921,0.000540641,0.000500613,0.000497511,0.00047286,0.000448691,0.000429665,0.000412887,0.000378704,0.000347548,0.000322991,0.000320337,0.00031454,0.000306995,0.000289441,0.000284112,0.000275024,0.000263389,0.000258453,0.000259774,0.000246734,0.000231711,0.000231253,0.000223675,0.000218072,0.00020686,0.000203169,0.000192601,0.000188574,0.000182478,0.00018232,0.0001766,0.000168001,0.000158498,0.000144558,0.000143339,0.000139009,0.00013381,0.000138377,0.000128449,0.000121164,0.000121048,0.000118395,0.000111754,0.000112647,0.000110868,0.000106359,0.00010045,0.000104406,0.000103573,9.50218e-05,7.99284e-05,8.50921e-05,8.53501e-05
,,,DIL1B,0.00122032,0.00124427,0.00123143,0.00119254,0.00118159,0.00115022,0.00111672,0.00111703,0.00108793,0.00104803,0.00102491,0.000979266,0.000941415,0.000949101,0.000944008,0.000913932,0.000911079,0.000904956,0.000899846,0.000898771,0.000890276,0.000878935,0.000867822,0.000863612,0.000853214,0.000870608,0.000859397,0.000846005,0.000833721,0.000817165,0.000814574,0.000808535,0.000773876,0.000749247,0.000753533,0.000710213,0.000691914,0.000666743,0.000660369,0.000640848,0.000632277,0.000616194,0.000613697,0.000600456,0.00057306,0.000562379,0.000546466,0.000520368,0.000528946,0.000575924,0.000589878,0.000615132,0.000591815,0.000623702,0.000636264
,,,DIL1B(BGRD),0.000588234,0.000594957,0.0005938,0.000562338,0.000562339,0.000525342,0.000496607,0.000483519,0.00044829,0.000427642,0.000411588,0.000371463,0.000369967,0.000368338,0.000352573,0.000338037,0.000329594,0.0003163,0.000316634,0.000308226,0.000301961,0.000290952,0.000274041,0.000272553,0.000264764,0.000261747,0.000253697,0.000241498,0.000237239,0.000228467,0.000223994,0.000228859,0.000217414,0.000204195,0.000197872,0.000182826,0.000180158,0.000176389,0.000173559,0.000173258,0.000161556,0.000155876,0.000156017,0.000149036,0.000148696,0.000144283,0.000142893,0.000141819,0.000136895,0.000138388,0.000138508,0.000129474,0.00011779,0.000116382,0.000123158
M. aeruginosa,CCMP3462,0701_MARG,MILQ,0.00046616,0.000485926,0.000493771,0.000458699,0.000461611,0.000434245,0.000416432,0.000410569,0.000380745,0.000358047,0.000335789,0.000322768,0.000322424,0.000312664,0.000311797,0.000300717,0.000294269,0.000289299,0.000282826,0.000276268,0.000286994,0.000270932,0.000257996,0.000255038,0.000249734,0.000246406,0.000234532,0.000233964,0.000229182,0.000222273,0.000219972,0.000227908,0.000212105,0.000205121,0.000199493,0.000186456,0.000190082,0.000183015,0.000182892,0.000182568,0.000172645,0.000172521,0.000164627,0.000166406,0.000162158,0.000162483,0.000161099,0.000159212,0.000151447,0.000152822,0.000152708,0.000144874,0.00013827,0.000141159,0.000141752
,,,MILQ(FILT),0.000378595,0.000383054,0.000380878,0.000365396,0.000352365,0.000330579,0.000318601,0.000311151,0.000284888,0.000256756,0.000246143,0.000217253,0.000233038,0.000225825,0.000217091,0.000211231,0.000193845,0.00019788,0.000192321,0.000190612,0.000179598,0.000172172,0.000164647,0.000162913,0.000159306,0.000154975,0.000148769,0.000148074,0.000138098,0.000140357,0.000136868,0.000131961,0.000124862,0.000119417,0.000111757,0.000105317,0.000105161,0.000102758,9.7454e-05,9.63503e-05,9.26277e-05,9.14756e-05,8.84421e-05,8.69561e-05,8.02413e-05,8.12167e-05,7.93626e-05,7.70954e-05,7.30057e-05,7.4749e-05,6.94291e-05,7.15695e-05,5.70424e-05,5.91718e-05,5.36302e-05
,,,DIL1A,0.00261937,0.00261096,0.00259904,0.00252025,0.00255625,0.00248698,0.00243563,0.00245049,0.00239925,0.00236962,0.00235896,0.00223812,0.00222594,0.0022011,0.00223086,0.00215189,0.00213966,0.0020815,0.00204732,0.00201148,0.0019787,0.00190739,0.00185458,0.00178367,0.00177588,0.00173958,0.00169664,0.00163054,0.00161408,0.00157901,0.00158595,0.00158345,0.00151674,0.00149816,0.00149934,0.00146413,0.00145793,0.00143635,0.00146265,0.00146216,0.00147624,0.00145028,0.0014785,0.00145879,0.0014125,0.0014147,0.0014451,0.00143553,0.00140532,0.00144781,0.00139898,0.00141284,0.00137698,0.00140511,0.00134967
,,,DIL1A(BGRD),0.000416531,0.000433938,0.000436147,0.000397446,0.000389285,0.000369954,0.000347979,0.000351344,0.000319287,0.00028836,0.000284609,0.000263488,0.000254973,0.000249219,0.000246868,0.000241993,0.000222647,0.000226035,0.000211854,0.000212508,0.000208,0.000201048,0.000190083,0.000186624,0.000179435,0.000173869,0.000167606,0.000162406,0.000160089,0.000155223,0.000153601,0.000152639,0.000143052,0.000133007,0.00012808,0.000119578,0.000117401,0.000113861,0.00011326,0.000112326,0.000103352,0.000101607,9.96765e-05,9.9906e-05,9.66469e-05,9.22922e-05,9.1991e-05,8.80115e-05,8.31266e-05,8.35478e-05,8.74203e-05,7.9711e-05,7.01415e-05,7.33821e-05,6.279e-05
,,,DIL1B,,,,,,,,,,,,,,,,,,,,,,,,,,,,,,,,,,,,,,,,,,,,,,,,,,,,,,,
,,,DIL1B(BGRD),,,,,,,,,,,,,,,,,,,,,,,,,,,,,,,,,,,,,,,,,,,,,,,,,,,,,,,
M. aeruginosa,CCMP3462,0728_MAER,MILQ,0.000942068,0.000910833,0.000877066,0.000846657,0.000820894,0.000789799,0.000769715,0.000767916,0.000751543,0.000734791,0.000721599,0.000696451,0.000675703,0.000668448,0.000653132,0.000638209,0.000636762,0.000624768,0.000623376,0.00059442,0.000575105,0.000580908,0.000568278,0.000555458,0.000567007,0.000561838,0.00055994,0.000542509,0.00055032,0.000536972,0.000522401,0.00050812,0.000504679,0.000511142,0.000505505,0.000490141,0.000493329,0.000495296,0.000490083,0.000486914,0.000481466,0.000486909,0.000474855,0.000481603,0.000474749,0.000465876,0.000453776,0.000463042,0.000446712,0.000450226,0.000468007,0.000459273,0.000455067,0.000468138,0.000461222
,,,MILQ(FILT),0.000427448,0.000405556,0.000384308,0.000363081,0.000345235,0.000326094,0.000307598,0.00029513,0.000286086,0.000278541,0.000266428,0.000247356,0.000245598,0.000227623,0.0002107,0.000196967,0.000197914,0.000191662,0.000179428,0.000172469,0.00016373,0.000161622,0.000158379,0.000148433,0.000146052,0.00014295,0.000140165,0.000136149,0.000130684,0.000125533,0.000119677,0.000112021,0.000109898,0.000106255,0.000106442,9.92805e-05,9.31585e-05,9.28806e-05,9.39251e-05,9.13074e-05,8.69776e-05,8.53189e-05,8.40822e-05,8.02204e-05,7.67642e-05,7.58597e-05,7.25172e-05,7.17475e-05,6.9057e-05,6.63636e-05,7.31613e-05,7.01202e-05,6.92004e-05,6.60296e-05,6.11849e-05
,,,DIL1A,0.0105173,0.0103007,0.00998898,0.00976057,0.00966937,0.00946782,0.0092873,0.0092894,0.00930105,0.0092001,0.00905808,0.00875605,0.00871189,0.00865522,0.00841389,0.00828702,0.0083458,0.00821697,0.00819375,0.00793965,0.0076962,0.00776678,0.00759615,0.00735217,0.00737528,0.00734294,0.00725072,0.0070081,0.0069346,0.00674104,0.00654874,0.00633257,0.00629305,0.00620547,0.00616695,0.00592285,0.00591966,0.00593636,0.00588828,0.00579142,0.00584924,0.00577446,0.00567054,0.00573006,0.00573076,0.00559191,0.00552682,0.00543742,0.00530027,0.00532757,0.00552409,0.00548559,0.00555093,0.00572888,0.00561966
,,,DIL1A(BGRD),0.000938426,0.000888341,0.000863043,0.000813135,0.000780967,0.000746437,0.000721541,0.000703557,0.00068012,0.000661797,0.000633677,0.000599113,0.000576271,0.000564036,0.000537073,0.000523825,0.000514825,0.000494532,0.000482602,0.000459809,0.000439611,0.00043535,0.000420347,0.00040065,0.000397724,0.000389957,0.000385241,0.000367163,0.000368095,0.000354941,0.00033763,0.000325023,0.000316827,0.000308517,0.000303216,0.000292964,0.000287233,0.000283775,0.000278373,0.00027074,0.000266328,0.00026044,0.000253011,0.000251531,0.000248661,0.000236743,0.00022591,0.000227346,0.000219237,0.000215261,0.000213809,0.000212637,0.000210766,0.000207375,0.000211597
,,,DIL1B,,,,,,,,,,,,,,,,,,,,,,,,,,,,,,,,,,,,,,,,,,,,,,,,,,,,,,,
,,,DIL1B(BGRD),,,,,,,,,,,,,,,,,,,,,,,,,,,,,,,,,,,,,,,,,,,,,,,,,,,,,,,
M. aeruginosa,CCMP3462,0729_MAER,MILQ,0.000836789,0.000789777,0.000773086,0.00073015,0.0007156,0.000682441,0.000664458,0.000648545,0.000645276,0.000628737,0.000605599,0.000596666,0.000573455,0.000561713,0.000542568,0.000526181,0.000527066,0.000511223,0.000513699,0.000484091,0.000467672,0.000468601,0.000457569,0.000447079,0.000453913,0.000446107,0.000441761,0.000432215,0.000430373,0.000416119,0.00041222,0.000396016,0.000392413,0.000392104,0.000392195,0.000376282,0.000374308,0.000379885,0.000378153,0.000368436,0.000370077,0.000370071,0.000357624,0.000361729,0.000360051,0.000350005,0.000345466,0.000341634,0.000338065,0.00034242,0.000345703,0.000339554,0.000345762,0.00034603,0.000342919
,,,MILQ(FILT),0.000449353,0.000428158,0.000403708,0.000384489,0.000358385,0.000336489,0.000322315,0.000308712,0.000294709,0.000293137,0.000279357,0.000256135,0.000253369,0.000237762,0.00021743,0.00020639,0.000204491,0.000195187,0.000190597,0.000178525,0.000172989,0.000167725,0.000161949,0.000154181,0.000151082,0.000148115,0.000143428,0.000138836,0.000132145,0.00012687,0.0001197,0.000117149,0.000110354,0.000109299,0.000110781,9.83908e-05,9.76741e-05,0.000100752,9.69665e-05,9.34437e-05,9.08637e-05,9.00076e-05,8.83236e-05,8.50038e-05,7.92981e-05,7.71081e-05,7.54367e-05,7.37556e-05,6.8424e-05,7.44975e-05,7.41726e-05,7.09209e-05,7.32321e-05,7.23334e-05,6.99315e-05
,,,DIL1A,0.0104594,0.0101943,0.00997794,0.00968785,0.00955297,0.00936457,0.00921987,0.00918944,0.00922613,0.00909543,0.00895344,0.00872213,0.00863099,0.00859032,0.00835117,0.00825854,0.00828363,0.00815349,0.00814642,0.00788542,0.00764859,0.00766994,0.00755655,0.00731064,0.00734744,0.00727927,0.00718616,0.00695479,0.00691224,0.00672986,0.00657795,0.00633279,0.00627656,0.00618349,0.00613659,0.00591513,0.00591392,0.00593381,0.00588236,0.00577678,0.00582621,0.00575722,0.00567514,0.00571092,0.00572657,0.00556241,0.00553146,0.00546243,0.00532963,0.0053701,0.0055216,0.00550932,0.00554905,0.00574205,0.0056319
,,,DIL1A(BGRD),0.00123397,0.00117225,0.00112803,0.00107526,0.00103177,0.000992859,0.000945031,0.000925804,0.000908339,0.000880375,0.000840465,0.000793849,0.000772407,0.000760326,0.000725148,0.000705798,0.000685164,0.000665117,0.000650138,0.000617149,0.000589551,0.000586493,0.000562898,0.00053818,0.000536642,0.000531811,0.000518537,0.000496845,0.000492597,0.000477433,0.000459897,0.000434963,0.0004312,0.000426409,0.000421671,0.000397102,0.000391607,0.000387612,0.000382958,0.000366687,0.000369715,0.000355981,0.000347053,0.000345527,0.000336707,0.000320957,0.000316914,0.000310644,0.000303431,0.000299547,0.000299368,0.000289469,0.000283253,0.000294654,0.000284087
,,,DIL1B,,,,,,,,,,,,,,,,,,,,,,,,,,,,,,,,,,,,,,,,,,,,,,,,,,,,,,,
,,,DIL1B(BGRD),,,,,,,,,,,,,,,,,,,,,,,,,,,,,,,,,,,,,,,,,,,,,,,,,,,,,,,
S. bacillaris,CCMP1333,0730_SBAC,MILQ,0.0012024,0.00116439,0.00112647,0.00107435,0.00107414,0.00101349,0.000971853,0.000950587,0.000962507,0.000937343,0.000917123,0.000870497,0.000858413,0.000857646,0.000826709,0.000808614,0.000802335,0.000784548,0.000775703,0.000747443,0.000728615,0.000739078,0.000720281,0.000703007,0.0006946,0.000689776,0.000694132,0.000671014,0.000675683,0.000657816,0.0006514,0.000624606,0.00062366,0.00062178,0.000615603,0.000591249,0.000588169,0.000596315,0.000582451,0.000575311,0.000576815,0.000564105,0.000564117,0.000555695,0.000555048,0.000543125,0.00053599,0.00053508,0.000523658,0.000538762,0.000529702,0.000515255,0.000514889,0.000519019,0.000510882
,,,MILQ(FILT),0.000506996,0.000481294,0.000457581,0.000419878,0.000404394,0.000380266,0.000366089,0.000346209,0.000345398,0.000325566,0.000307169,0.000294723,0.000284639,0.000269292,0.000249551,0.000241042,0.000239767,0.000225757,0.000216261,0.000205367,0.000197072,0.000195932,0.00018416,0.000178964,0.000176187,0.000174842,0.00017157,0.00016278,0.000156652,0.000149775,0.000144694,0.000138168,0.000133049,0.000131169,0.000129945,0.000122518,0.000119041,0.000116039,0.000115251,0.000112601,0.000105433,0.000105663,9.98239e-05,9.72065e-05,9.46604e-05,9.3787e-05,9.29221e-05,8.38915e-05,8.43699e-05,8.29008e-05,8.79653e-05,8.62421e-05,7.96441e-05,8.59599e-05,8.1897e-05
,,,DIL1A,0.00340721,0.00338868,0.00333901,0.00324556,0.00320366,0.00311019,0.00306683,0.00304818,0.00310073,0.00305129,0.00302252,0.00293354,0.00291222,0.00289969,0.00280339,0.00276673,0.00280477,0.00277431,0.00278541,0.00270805,0.00266743,0.00270035,0.00264333,0.00256192,0.00259553,0.00259702,0.00258543,0.00253038,0.00250994,0.00243951,0.00239072,0.00232301,0.00230136,0.00229189,0.00223844,0.0021557,0.00215105,0.00216076,0.00212476,0.00209258,0.00210351,0.00208457,0.00207207,0.00210804,0.00210316,0.00202994,0.00200041,0.00198801,0.00194881,0.00197518,0.00202609,0.00201107,0.00205134,0.0021188,0.00208842
,,,DIL1A(BGRD),0.000636744,0.00059184,0.000565305,0.000530764,0.000502351,0.000472229,0.000455167,0.00044075,0.000419164,0.000405031,0.000376641,0.000354917,0.000345545,0.000332635,0.000312725,0.000299104,0.000287295,0.000278077,0.000268971,0.000256222,0.000243868,0.000237233,0.00022589,0.000216586,0.000213213,0.000208892,0.00020383,0.000194729,0.000189251,0.000181569,0.000172737,0.000164163,0.000158791,0.000159534,0.000155554,0.000145839,0.000141551,0.000139894,0.000135437,0.000132292,0.000130944,0.000124395,0.000119663,0.000120059,0.000118411,0.000113637,0.000106608,0.000101751,9.78164e-05,0.000100798,0.000105758,9.47167e-05,9.0307e-05,9.77379e-05,0.00010267
,,,DIL1B,0.00355023,0.00353516,0.00347415,0.0033683,0.00330459,0.00324212,0.00316285,0.00318448,0.00320471,0.00318301,0.00314266,0.00304001,0.00303973,0.00302092,0.00293305,0.00288434,0.00290611,0.00288865,0.00290557,0.002839,0.00275413,0.00280535,0.00275222,0.00270116,0.00271573,0.00271422,0.00270405,0.00262774,0.00261891,0.00256481,0.00249981,0.00243478,0.00241676,0.00239163,0.00236299,0.0022534,0.00225003,0.0022476,0.00221609,0.00218355,0.00221325,0.00220204,0.00216164,0.00219697,0.00219765,0.00212715,0.00208092,0.00205878,0.00202783,0.00204068,0.00212106,0.00211572,0.00214704,0.00221423,0.00215367
,,,DIL1B(BGRD),0.000622907,0.000603953,0.000571777,0.000532064,0.000499719,0.000478545,0.000455628,0.000433619,0.000420408,0.000404332,0.000376938,0.000361373,0.000352064,0.000332283,0.000314028,0.000299815,0.000288336,0.000277211,0.00026787,0.000255742,0.000244358,0.000235301,0.000225439,0.000216339,0.000215169,0.00021068,0.000207576,0.000194209,0.000190844,0.000182915,0.000171583,0.000168317,0.00016402,0.000158618,0.000156877,0.000146903,0.000143924,0.000143174,0.000139412,0.000132581,0.000131976,0.000129369,0.000126289,0.000123404,0.000122819,0.000111768,0.00010849,0.000104752,0.000100306,0.000100853,0.000104765,9.43842e-05,9.65239e-05,9.95579e-05,0.000102826
P. lima,CCMP2584,0813_PLIM,MILQ,0.000816413,0.000794527,0.000764271,0.000728066,0.000705643,0.000678135,0.000654834,0.000653326,0.000639024,0.000614687,0.000607628,0.000569225,0.000562074,0.000558212,0.000533979,0.000525876,0.000520347,0.00050561,0.000497534,0.000480057,0.000461741,0.000464916,0.00045894,0.000448975,0.00044895,0.000445936,0.000438033,0.000427927,0.000427005,0.000418304,0.000408299,0.000395509,0.000389397,0.00038788,0.000389007,0.000372653,0.000379495,0.000387674,0.00038473,0.000371356,0.000372848,0.000366291,0.000353682,0.000361161,0.00036072,0.000353106,0.000350545,0.000342207,0.000337374,0.000338031,0.000349893,0.000339953,0.000332624,0.000342099,0.000344192
,,,MILQ(FILT),0.000440553,0.000418657,0.00039987,0.00037336,0.000354231,0.000333132,0.000316692,0.000309649,0.000283466,0.000281554,0.000268088,0.000256301,0.000244315,0.000229543,0.000216,0.000206603,0.000201209,0.000195492,0.000187813,0.000176148,0.000168366,0.000171723,0.000160344,0.000150677,0.000153442,0.000148227,0.000141056,0.00014037,0.000134439,0.000126089,0.000121071,0.000115762,0.000110871,0.000109421,0.000103735,0.00010116,9.65676e-05,9.76296e-05,9.84081e-05,9.36459e-05,8.99928e-05,8.72715e-05,8.60541e-05,8.21384e-05,7.65393e-05,7.64947e-05,7.40863e-05,7.24436e-05,6.92056e-05,7.27704e-05,7.50038e-05,6.98044e-05,6.97047e-05,6.99861e-05,6.45099e-05
,,,DIL1A,0.00357507,0.00343439,0.00330741,0.00323819,0.00318516,0.00310246,0.00298177,0.00301434,0.00308146,0.00321517,0.00339146,0.00345139,0.00348858,0.00349329,0.00355205,0.00363584,0.00378136,0.00387553,0.00391598,0.00393507,0.00385476,0.00395961,0.00394661,0.00392215,0.00410216,0.00423988,0.00436836,0.00443898,0.0045425,0.00458168,0.00452291,0.00433353,0.00432829,0.00428199,0.00430305,0.00422876,0.00422776,0.00419209,0.00406422,0.00390678,0.00383376,0.00376138,0.0036714,0.00354306,0.00359749,0.00342338,0.00315332,0.00273771,0.00235245,0.00230716,0.00255918,0.00294242,0.00345169,0.00396927,0.00413607
,,,DIL1A(BGRD),0.000665179,0.000622878,0.00059141,0.000549421,0.000522431,0.000496511,0.000472657,0.000460881,0.000448715,0.000423638,0.000394946,0.000370518,0.000364127,0.000352186,0.000326819,0.000312981,0.000304057,0.000291097,0.000283032,0.000268742,0.000254441,0.000252665,0.000242022,0.000228052,0.000228486,0.000220987,0.000220304,0.000210928,0.000204264,0.000195625,0.000183257,0.000174598,0.000171408,0.000164537,0.000161665,0.000153136,0.000153799,0.000151827,0.000143418,0.000143547,0.000138591,0.000130847,0.000125433,0.000122835,0.000124916,0.000119305,0.000111986,0.000109839,0.000105085,0.000104351,0.000103175,0.000101865,0.000104842,0.000107494,0.000113439
,,,DIL1B,0.00360422,0.00348491,0.00331437,0.00327773,0.00320429,0.00308597,0.00301845,0.00302874,0.00308985,0.00326229,0.00342764,0.00352463,0.00357585,0.00362428,0.00366444,0.00373013,0.00389782,0.00397541,0.00415258,0.00407806,0.00403717,0.00412762,0.00421995,0.00415519,0.00435971,0.00452114,0.00466193,0.00470772,0.00493884,0.00500013,0.00485024,0.00467681,0.00467806,0.00472431,0.00470304,0.00453124,0.00458434,0.00454923,0.00434016,0.00420167,0.00415434,0.00406356,0.00392747,0.00387707,0.00387422,0.00368562,0.00335027,0.00283275,0.00239535,0.00232746,0.00262325,0.00311906,0.00372856,0.00435601,0.00461835
,,,DIL1B(BGRD),0.000668484,0.000627831,0.000604556,0.000562865,0.00053187,0.00050196,0.000484844,0.000464739,0.000452228,0.000433588,0.000397211,0.000375689,0.000369922,0.000353612,0.000335553,0.000322751,0.000312381,0.000294818,0.000291986,0.000276727,0.000262032,0.000259481,0.000250533,0.000239692,0.000234032,0.000232667,0.000233243,0.000221492,0.000214419,0.000200431,0.000196032,0.000186878,0.000181928,0.000178034,0.000177193,0.000167445,0.000162832,0.000165338,0.000156286,0.00015394,0.000151321,0.000142387,0.000138109,0.000137663,0.000136799,0.000129845,0.000123394,0.000117596,0.000109196,0.000114346,0.000114381,0.000111101,0.000110528,0.000116747,0.000115196
E. huxleyi,RCC1253,0821_EHUX,MILQ,0.000816179,0.000799681,0.00076059,0.000719494,0.000706437,0.000673918,0.000657781,0.000652455,0.000638419,0.000621971,0.000622981,0.000582521,0.000582983,0.000569439,0.000543093,0.000538279,0.000540853,0.0005226,0.000521104,0.00049776,0.000484273,0.000497107,0.000486238,0.00046158,0.000468444,0.000473372,0.000465995,0.000458767,0.000461078,0.000460275,0.000447782,0.000425719,0.000422115,0.000426226,0.000423267,0.000422539,0.000415501,0.000416524,0.000414937,0.000394716,0.000394895,0.000392757,0.00038175,0.000378158,0.000388543,0.000374065,0.000371961,0.000361955,0.000348225,0.000355528,0.000359385,0.000372954,0.00036994,0.000386201,0.000383711
,,,MILQ(FILT),0.000441221,0.000415719,0.000397773,0.000364478,0.000349345,0.000328369,0.000319539,0.000294171,0.000295735,0.00028034,0.000266402,0.000253199,0.000240644,0.000225983,0.000210346,0.000209925,0.000205081,0.000190517,0.000182354,0.000171825,0.000166421,0.000167445,0.000158423,0.000148591,0.000150828,0.000140816,0.000141789,0.000134556,0.000131455,0.000121792,0.000121338,0.000113022,0.000109889,0.000107855,0.000104546,0.000101038,9.28113e-05,9.29718e-05,9.31023e-05,9.08562e-05,8.8715e-05,8.52811e-05,8.13968e-05,7.91956e-05,7.2883e-05,7.27622e-05,7.40281e-05,7.17121e-05,6.73492e-05,6.76571e-05,7.08088e-05,7.32301e-05,6.57915e-05,6.51598e-05,6.62011e-05
,,,DIL1A,0.00118023,0.00114826,0.00113231,0.00109353,0.00106822,0.00104006,0.00101538,0.00103222,0.00105585,0.00104859,0.00104939,0.00102274,0.00101973,0.00100057,0.000962798,0.000928045,0.000922523,0.000900495,0.000896686,0.000873371,0.000847073,0.000844204,0.000825301,0.000796443,0.000801021,0.000793609,0.000784662,0.000763927,0.000754218,0.000737903,0.00071544,0.000691763,0.000686297,0.000674961,0.000677377,0.000652934,0.00065476,0.000655737,0.000646319,0.000645028,0.000642305,0.000627001,0.000615398,0.000621615,0.000620688,0.00060987,0.000603345,0.000623042,0.000688223,0.000747902,0.000755679,0.000697724,0.000661853,0.000664145,0.000656838
,,,DIL1A(BGRD),0.000592171,0.000546904,0.000519647,0.000480207,0.000462486,0.0004335,0.000418312,0.000399874,0.00038854,0.000367519,0.000342319,0.000325686,0.000310824,0.000299364,0.000283064,0.000268771,0.00025812,0.000249889,0.000240958,0.000230621,0.000215377,0.000212679,0.000203125,0.000191657,0.000192172,0.000186818,0.000184852,0.000176539,0.000169875,0.000161064,0.000153566,0.000145477,0.000144669,0.000139349,0.000140202,0.000129675,0.000126937,0.000122234,0.000119584,0.000115425,0.000111706,0.000111991,0.000104762,0.000101989,0.000106445,9.90285e-05,9.54468e-05,9.22118e-05,8.73599e-05,8.80314e-05,9.30515e-05,8.37496e-05,7.94119e-05,8.54905e-05,8.87567e-05
,,,DIL1B,0.00120722,0.00118372,0.00116478,0.00113762,0.00110856,0.00107981,0.00107331,0.00108365,0.00106756,0.00109701,0.00109013,0.00106536,0.00105216,0.00104452,0.000994224,0.000976741,0.000959066,0.000934058,0.000936171,0.000902794,0.000882064,0.000879247,0.000856669,0.000824781,0.000838812,0.000825188,0.000816914,0.000789049,0.000789146,0.000770214,0.000750862,0.000726934,0.000715239,0.000713981,0.000709872,0.000687627,0.000690111,0.000690221,0.000687795,0.000677767,0.000680556,0.000679474,0.000658446,0.000659195,0.000660681,0.00064799,0.000653645,0.000675884,0.000728259,0.000800162,0.000811819,0.000744805,0.000705012,0.000709486,0.000697508
,,,DIL1B(BGRD),0.000601538,0.000553681,0.000533126,0.000492708,0.000467274,0.000441408,0.000420781,0.000407271,0.000389397,0.000376708,0.000349846,0.000331765,0.000318864,0.000306357,0.000285778,0.000271806,0.000262942,0.000253762,0.000245837,0.000233942,0.000222678,0.000216779,0.000205121,0.000196106,0.000197035,0.00019137,0.00018771,0.00017865,0.000171951,0.000164099,0.0001563,0.000149139,0.000147555,0.000144255,0.000140436,0.000132579,0.00012783,0.000125291,0.000122079,0.00011806,0.000116293,0.000112839,0.000107837,0.00010578,0.000104751,0.000100841,9.70704e-05,9.25689e-05,8.96725e-05,9.00204e-05,9.43409e-05,8.72178e-05,8.47146e-05,8.89601e-05,8.87326e-05
M. polykrikoides,ARC169,0826_MPOL,MILQ,0.00086665,0.000830518,0.000808166,0.000781909,0.000749466,0.000716143,0.000688624,0.00068525,0.00066752,0.00068577,0.000648415,0.000624267,0.000604589,0.000591878,0.000573767,0.000571565,0.000562769,0.000546122,0.00054946,0.000534127,0.00051231,0.000511915,0.000496931,0.000486883,0.000492515,0.000484937,0.000489655,0.000464457,0.000471787,0.000463017,0.000445709,0.000433909,0.000430459,0.000436741,0.000433173,0.000416766,0.000424239,0.000418214,0.000425334,0.000413286,0.000414871,0.000413011,0.000401692,0.000398915,0.000396331,0.000389727,0.000377029,0.000391026,0.000375094,0.000377355,0.000384323,0.000377715,0.000384152,0.000385084,0.000377142
,,,MILQ(FILT),0.000443489,0.000414246,0.000392878,0.000362012,0.000344762,0.000323554,0.000309568,0.000300154,0.000289304,0.000273577,0.000266713,0.000254454,0.000236669,0.000224578,0.000208121,0.000199313,0.000199445,0.000189641,0.000180076,0.000173876,0.000162329,0.000161208,0.000156209,0.000147625,0.000144995,0.00014282,0.000139615,0.000135238,0.000126684,0.000124434,0.000120597,0.000111211,0.000109199,0.000105749,0.000102948,9.9433e-05,9.31413e-05,9.38184e-05,9.13113e-05,8.75007e-05,8.57344e-05,8.60019e-05,8.27547e-05,7.98921e-05,7.69572e-05,7.18952e-05,7.00783e-05,6.83337e-05,6.66088e-05,6.79476e-05,6.95998e-05,6.34766e-05,6.84126e-05,6.76656e-05,6.1754e-05
,,,DIL1A,0.00238816,0.00231683,0.00224871,0.00216916,0.00209931,0.00201893,0.00197776,0.00194598,0.00194249,0.00192225,0.00189456,0.00184414,0.00182219,0.00179456,0.00174314,0.00173236,0.001735,0.00170383,0.00169631,0.00165445,0.00160301,0.00163627,0.00160628,0.0015825,0.00159789,0.00160497,0.00161018,0.00158274,0.00157484,0.00154188,0.00149791,0.00144777,0.0014382,0.00141701,0.00141397,0.00133985,0.00133448,0.00132928,0.00130624,0.00127303,0.00126237,0.00121435,0.00120482,0.00119963,0.00117688,0.00113523,0.00109545,0.00104277,0.00103138,0.00104261,0.00107441,0.00108615,0.00111201,0.0011867,0.00116788
,,,DIL1A(BGRD),0.000655189,0.000607619,0.000580824,0.000541082,0.000513313,0.000485462,0.000459966,0.000452704,0.000444236,0.000410074,0.000393334,0.000365157,0.0003526,0.000340137,0.000319033,0.000308947,0.000300293,0.000288138,0.000277124,0.000263356,0.000250197,0.000249415,0.00023731,0.000226675,0.000223285,0.000215631,0.000218089,0.000206564,0.000202518,0.000191994,0.000181824,0.000173154,0.000169547,0.000165698,0.000162398,0.000155564,0.000152704,0.00014568,0.000144053,0.000136352,0.000136757,0.000130547,0.000126959,0.000125337,0.000127933,0.000119755,0.000116274,0.000123179,0.000129968,0.000126525,0.000115891,0.000103364,9.95461e-05,0.000104848,0.000108825
,,,DIL1B,0.00230814,0.00225709,0.00218711,0.00208237,0.00204993,0.00197944,0.00190554,0.00188044,0.00186828,0.00185623,0.00183237,0.00176881,0.00174789,0.00172944,0.00168753,0.00165598,0.00166703,0.00165271,0.00165064,0.00159863,0.00155525,0.00158457,0.00155623,0.00153397,0.00155262,0.00156994,0.00157783,0.00155912,0.00156122,0.00152261,0.00147624,0.00141705,0.0013923,0.00139046,0.00137757,0.00131954,0.00129796,0.00128274,0.00126355,0.00122265,0.00122375,0.00119214,0.0011584,0.0011564,0.00114657,0.00109397,0.00104781,0.00100412,0.000967625,0.000978178,0.00101397,0.00103652,0.00108278,0.00114229,0.00113033
,,,DIL1B(BGRD),0.000665292,0.000606701,0.000590447,0.000551004,0.000525903,0.000495987,0.000473099,0.000453578,0.000447083,0.000418129,0.000402162,0.000378532,0.000363778,0.000348675,0.000330183,0.000307244,0.000306871,0.000291393,0.000281793,0.000270147,0.000252877,0.000250807,0.000240928,0.000228774,0.000227888,0.000225922,0.000221096,0.000207461,0.000200421,0.000192006,0.000181091,0.000174591,0.000172049,0.000169307,0.000166816,0.000154308,0.000153381,0.000149473,0.000147208,0.000139729,0.000136907,0.000134354,0.000126806,0.000129328,0.000128448,0.000121825,0.000118634,0.000120987,0.000122636,0.00011942,0.000113243,0.000106541,0.000100902,0.000107686,0.000106658
E. huxleyi,RCC1252,0827_EHUX,MILQ,0.000516755,0.000494866,0.000460666,0.000437061,0.000409211,0.000390931,0.000374045,0.000365602,0.00035214,0.000331742,0.000321106,0.000310828,0.000302174,0.000280525,0.000265204,0.000256663,0.000250256,0.000238475,0.000235652,0.000226782,0.000215584,0.000214076,0.000207634,0.000196345,0.000198309,0.000193998,0.000193379,0.000183268,0.000173944,0.00017034,0.000166972,0.000160474,0.000161283,0.000156695,0.000152592,0.000148907,0.000143034,0.000143013,0.000138747,0.000135577,0.000132707,0.000130898,0.0001283,0.000123028,0.000125438,0.000117065,0.000115647,0.000119278,0.000113089,0.000111939,0.000116291,0.000110195,0.00010768,0.000105304,0.000114959
,,,MILQ(FILT),0.000454404,0.000420365,0.000404801,0.000371141,0.00035237,0.000327062,0.000318402,0.000306006,0.000288543,0.000286045,0.000275258,0.000256663,0.000241136,0.000232525,0.000214591,0.00021316,0.00019986,0.000196541,0.000184721,0.000176702,0.000171107,0.000165364,0.000160767,0.000152543,0.000154178,0.000145588,0.000142986,0.000137073,0.000140231,0.000127111,0.000120649,0.00011517,0.000116326,0.000109278,0.000108042,0.000100158,9.76956e-05,9.91923e-05,9.61816e-05,9.07902e-05,9.28111e-05,8.84449e-05,8.5742e-05,8.2602e-05,8.12378e-05,7.82488e-05,7.57664e-05,7.39552e-05,7.33657e-05,7.08537e-05,7.4261e-05,7.18366e-05,6.95368e-05,6.9612e-05,6.7862e-05
,,,DIL1A,0.0100661,0.0100524,0.00989217,0.00974276,0.00965993,0.00954714,0.00936487,0.00934597,0.00938966,0.00927974,0.00924571,0.00902521,0.00910586,0.00909593,0.00881114,0.00864818,0.00860781,0.00840473,0.00825399,0.00791587,0.00761019,0.00761452,0.00738862,0.00707753,0.00708791,0.00696474,0.0068296,0.00657194,0.00647325,0.00621891,0.0060286,0.00577637,0.00567493,0.00560623,0.00556459,0.00537586,0.0053586,0.00540157,0.00535872,0.00528063,0.00530188,0.00525596,0.00518299,0.00527285,0.00533568,0.00522655,0.00519363,0.00511509,0.00491884,0.00499019,0.00523386,0.00537847,0.00560317,0.00587571,0.00592085
,,,DIL1A(BGRD),0.000612888,0.000563834,0.000536115,0.000497705,0.000472963,0.000448263,0.000423197,0.000412753,0.000400065,0.000377018,0.000354086,0.000329625,0.000323767,0.000306773,0.000294963,0.000281464,0.000267236,0.000259216,0.000248089,0.000236512,0.000227285,0.000219651,0.000206006,0.000201889,0.000201521,0.000194046,0.000194436,0.000179139,0.000176033,0.000168162,0.00015697,0.000152334,0.000149112,0.000146779,0.000143969,0.000136491,0.0001325,0.000127004,0.00012605,0.000120945,0.000115838,0.000114462,0.000107683,0.000109854,0.000110125,0.000103748,0.000101108,9.78696e-05,9.57917e-05,9.69609e-05,9.59697e-05,8.70045e-05,8.40194e-05,9.06631e-05,9.73747e-05
,,,DIL1B,0.0116211,0.0115293,0.0114158,0.0112368,0.0111724,0.0110288,0.010822,0.0108266,0.0108211,0.0107285,0.0106938,0.0104808,0.0105111,0.0105537,0.0102415,0.0100946,0.0099795,0.0096865,0.00955923,0.00917351,0.00884404,0.00881368,0.00856537,0.00824439,0.00822234,0.00809466,0.00797273,0.00760973,0.00750748,0.00725236,0.00699531,0.00668368,0.00656561,0.00649028,0.00643714,0.0062098,0.00622273,0.00625478,0.00619411,0.00609758,0.00614855,0.00607317,0.00599664,0.00605932,0.00615501,0.00603461,0.00603749,0.00590662,0.00565463,0.00574687,0.00600751,0.00622133,0.00651931,0.00680556,0.00683475
,,,DIL1B(BGRD),0.000612379,0.000568636,0.000548199,0.000501354,0.000483367,0.000458284,0.000435718,0.000412376,0.000406384,0.000382839,0.000357651,0.000344737,0.00033311,0.000319233,0.000302094,0.000284108,0.000274036,0.000261286,0.000257156,0.0002435,0.000230159,0.000223972,0.000213518,0.000203028,0.000206354,0.000202966,0.000194943,0.000186379,0.000181352,0.000168564,0.000164001,0.000154809,0.000154102,0.000151158,0.000147089,0.000136946,0.000137269,0.000135013,0.000132641,0.000123853,0.000121741,0.000116445,0.000111989,0.000112086,0.000114115,0.000107014,0.000103496,9.91806e-05,9.69518e-05,9.50206e-05,9.94229e-05,9.23465e-05,8.71734e-05,9.34299e-05,9.69131e-05
E. huxleyi,RCC7279,0828_EHUX,MILQ,0.000478775,0.000441684,0.000422789,0.000398465,0.000377726,0.000355987,0.000337731,0.000313709,0.000312857,0.000296608,0.000291397,0.000270148,0.000265547,0.000257772,0.000239796,0.000226318,0.000225153,0.00021512,0.000204084,0.000196815,0.000192575,0.000188331,0.000181169,0.00017402,0.000173258,0.000168893,0.000168245,0.000159595,0.000154831,0.000151262,0.000143165,0.000134497,0.000135539,0.000132188,0.000131794,0.00012368,0.000118486,0.000119837,0.000116397,0.000112915,0.000113258,0.00010901,0.000105576,0.000103649,0.000102058,9.75115e-05,0.000100731,9.90682e-05,9.00968e-05,9.49654e-05,9.77895e-05,9.36829e-05,8.89526e-05,9.19295e-05,8.31102e-05
,,,MILQ(FILT),0.00043589,0.000402425,0.000386925,0.000360224,0.000340407,0.000320574,0.00030409,0.000292945,0.000276969,0.000275313,0.000254802,0.000244005,0.000233261,0.000227337,0.000213964,0.000198449,0.000197182,0.000184455,0.000176105,0.000169176,0.000162147,0.000161519,0.000152018,0.000147607,0.000144588,0.000142653,0.000135162,0.00012814,0.000126567,0.000121581,0.000116171,0.000109283,0.000107635,0.000104138,0.000102748,9.28452e-05,9.51433e-05,8.8449e-05,9.15392e-05,8.61655e-05,8.23756e-05,8.38341e-05,8.06118e-05,7.79322e-05,7.20968e-05,7.30239e-05,7.21915e-05,6.8377e-05,6.89988e-05,6.36295e-05,6.85614e-05,6.7355e-05,6.80827e-05,6.9242e-05,6.50802e-05
,,,DIL1A,0.00963943,0.00936481,0.00903395,0.00867702,0.00842611,0.00815203,0.00782258,0.00774433,0.00772121,0.00755335,0.00751504,0.00739307,0.00734499,0.00744642,0.00724974,0.00716918,0.00719914,0.00708703,0.00715276,0.00697288,0.00684809,0.00703395,0.00699226,0.00691928,0.00712897,0.00722527,0.00725041,0.0071663,0.00732071,0.00715605,0.00714592,0.00703875,0.00705264,0.00705345,0.00721319,0.00703707,0.00714411,0.00726259,0.0072249,0.00721791,0.00733056,0.00732021,0.00714467,0.00732688,0.00742079,0.00726443,0.00714144,0.00692663,0.00668575,0.00671083,0.00690506,0.00713173,0.00727209,0.00766745,0.007674
,,,DIL1A(BGRD),0.000578612,0.000544755,0.000516334,0.000474513,0.000448117,0.000425327,0.000402965,0.000391186,0.000373006,0.000365262,0.000340683,0.000308468,0.000311371,0.000292643,0.000271214,0.000261479,0.000254538,0.000243566,0.000234911,0.000223722,0.000215997,0.000208043,0.000198953,0.000187156,0.000186151,0.000183442,0.000180774,0.000171031,0.000165483,0.000160671,0.000151048,0.000142313,0.000144851,0.000139125,0.000136503,0.000128885,0.000125583,0.000120467,0.000118375,0.000113444,0.000112316,0.000105684,0.000104696,0.000103213,0.000102121,9.71435e-05,9.28994e-05,8.72616e-05,8.38006e-05,8.44523e-05,8.66766e-05,8.50563e-05,7.92992e-05,8.36988e-05,8.59244e-05
,,,DIL1B,0.0108395,0.0104765,0.010088,0.00975574,0.00950515,0.00915721,0.00887935,0.00875836,0.0087361,0.00860129,0.0084614,0.0083304,0.00838888,0.00834935,0.00819988,0.00812814,0.00810329,0.00794287,0.00791365,0.00777734,0.00763455,0.00781619,0.00771239,0.00763425,0.00779925,0.00787293,0.00794545,0.00780532,0.00800669,0.00787772,0.00781633,0.00767656,0.00767643,0.00779133,0.0078957,0.00775555,0.00788191,0.00808976,0.00811888,0.00804245,0.0080904,0.00805602,0.00802346,0.008064,0.00824434,0.00809469,0.00794146,0.00790025,0.00751248,0.00760934,0.00792339,0.00808423,0.0083734,0.00862202,0.00871934
,,,DIL1B(BGRD),0.000582223,0.000541379,0.000520193,0.000478021,0.000449767,0.000429942,0.000407352,0.000396761,0.000382861,0.000363011,0.000340441,0.000320346,0.000307241,0.000293587,0.000277778,0.000271436,0.000252872,0.000245287,0.000237929,0.000225921,0.000217493,0.000211108,0.000202191,0.000191732,0.000190379,0.000186456,0.000181766,0.000170758,0.000167941,0.000159001,0.000151617,0.000143334,0.00014087,0.000138611,0.000136236,0.00012829,0.000124899,0.000126046,0.000116388,0.000113395,0.000111666,0.000109133,0.000103938,0.00010382,0.000103696,9.75783e-05,9.46236e-05,9.39085e-05,8.48561e-05,8.50161e-05,9.25345e-05,8.38413e-05,7.85075e-05,9.231e-05,9.20212e-05
E. huxleyi,RCC1216,0908_EHUX,MILQ,0.000518286,0.000478124,0.000464368,0.000432092,0.000408859,0.000390588,0.00037503,0.000365618,0.000359063,0.000329432,0.000312084,0.00030423,0.000295789,0.000280034,0.000262219,0.000258407,0.000254767,0.000244786,0.000233385,0.000224613,0.00021382,0.000216386,0.000206176,0.000194166,0.000198349,0.000192053,0.00018654,0.000180735,0.000179948,0.000172553,0.000164181,0.000164066,0.000156118,0.000166993,0.000156547,0.000143811,0.00013828,0.000141589,0.000137406,0.000137176,0.000138706,0.000131499,0.000120796,0.000128529,0.000122059,0.000116752,0.000118562,0.000115123,0.000108302,0.000106177,0.00011394,0.000108596,0.000109385,0.00010623,0.000110543
,,,MILQ(FILT),0.000451575,0.000424853,0.000396778,0.000372145,0.000352986,0.000327921,0.000310358,0.000290614,0.000286161,0.000280168,0.000261746,0.00024807,0.000238288,0.000229246,0.000212399,0.00019956,0.000199712,0.000191035,0.000181238,0.000169586,0.000166892,0.000162484,0.000157174,0.000150503,0.000147232,0.000146804,0.000138283,0.000133613,0.0001284,0.000123611,0.000114951,0.000110572,0.000112781,0.000106236,0.000107709,9.50576e-05,9.55262e-05,9.54046e-05,9.44527e-05,8.70509e-05,8.66409e-05,8.59139e-05,8.24993e-05,8.05379e-05,7.48726e-05,7.6174e-05,7.51821e-05,7.13471e-05,6.74368e-05,7.10078e-05,7.08409e-05,7.19021e-05,6.87995e-05,6.54681e-05,6.18218e-05
,,,DIL1A,0.0127993,0.0125764,0.0122555,0.0114429,0.0112761,0.0108763,0.010276,0.00984631,0.00970117,0.00941142,0.0091019,0.0088263,0.00864084,0.0085313,0.00817015,0.00786431,0.00783854,0.00751701,0.00738397,0.00705486,0.00678127,0.00683561,0.00669187,0.00649274,0.00660052,0.00652567,0.00661837,0.00645516,0.00647936,0.00640521,0.00637461,0.00627163,0.00626991,0.00645192,0.00653384,0.00642011,0.00663612,0.00681509,0.00690392,0.00689529,0.00706761,0.0071056,0.00710382,0.00728227,0.00742455,0.00734799,0.00736306,0.00741496,0.00720337,0.00725064,0.00751754,0.00798137,0.00819986,0.00868383,0.00858535
,,,DIL1A(BGRD),0.000616462,0.000573058,0.00054498,0.000508974,0.0004778,0.000460231,0.000436088,0.000417832,0.000413864,0.000393358,0.000364596,0.000342942,0.000329197,0.000320612,0.000297301,0.000284671,0.000271601,0.000263829,0.000253987,0.000240485,0.000230879,0.000226078,0.000215539,0.000207839,0.000206473,0.000205989,0.000198602,0.000189186,0.000178759,0.000173492,0.000163966,0.000157949,0.000158976,0.000152431,0.000150554,0.000141175,0.000139146,0.000138219,0.000132782,0.000128443,0.000125208,0.000123803,0.000117856,0.000116037,0.000118456,0.000112798,0.000104616,0.000102535,9.78496e-05,9.73804e-05,0.000101953,9.75686e-05,9.16101e-05,9.77348e-05,0.000101485
,,,DIL1B,0.0167812,0.0162129,0.0154253,0.0147283,0.0142618,0.0135598,0.0131114,0.0126465,0.0122141,0.0119896,0.0115968,0.0111369,0.0109891,0.0108684,0.0104924,0.0101468,0.0100752,0.00971054,0.00957036,0.00916641,0.00883966,0.00896533,0.00874262,0.00855443,0.00866389,0.00870156,0.00872422,0.00853999,0.00856019,0.00845936,0.00836613,0.0082359,0.00838685,0.00840856,0.00862685,0.00853856,0.00870567,0.00905094,0.00908857,0.00914835,0.00928631,0.00936084,0.00937656,0.00970291,0.00990143,0.00988454,0.00980621,0.00962947,0.00942056,0.00943017,0.00988093,0.0104143,0.0109287,0.0115005,0.01158
,,,DIL1B(BGRD),0.000612264,0.000565573,0.000535305,0.000505737,0.000475669,0.000449221,0.000425803,0.000413591,0.000396556,0.000386528,0.000345947,0.000327485,0.000322712,0.000309156,0.00028972,0.000276274,0.000263506,0.000255678,0.00024821,0.000234669,0.000225024,0.000214459,0.000208016,0.000197077,0.000198006,0.000193734,0.000185541,0.000178498,0.000175908,0.00016814,0.000156437,0.000152944,0.000149966,0.000145643,0.000145007,0.000132255,0.00013126,0.000128426,0.000122441,0.000119705,0.000119723,0.000114349,0.000107304,0.000108705,0.000109344,0.000103136,9.82095e-05,9.48943e-05,8.96239e-05,8.88676e-05,9.07101e-05,8.75655e-05,8.72195e-05,9.11031e-05,9.10566e-05
E. huxleyi,RCC4002,0916_EHUX,MILQ,0.000542263,0.000498389,0.000485477,0.000457547,0.000435061,0.000417957,0.000399692,0.000384514,0.000370942,0.000365986,0.000338614,0.00032566,0.000322412,0.000304956,0.000290654,0.000274456,0.000266914,0.000262158,0.000253151,0.000244569,0.000234858,0.00023406,0.00021968,0.000217196,0.000221919,0.000215418,0.0002184,0.00020787,0.000202552,0.000196905,0.000183943,0.000182824,0.0001815,0.000179552,0.000176922,0.000163646,0.000168184,0.000163591,0.000162031,0.000151256,0.000153193,0.000148293,0.000141797,0.000142634,0.000145269,0.00014077,0.000133096,0.000135539,0.000124808,0.000126352,0.000136331,0.000132508,0.000128138,0.000129714,0.000115996
,,,MILQ(FILT),0.000460194,0.000421245,0.000400143,0.000370565,0.000353866,0.000333755,0.000313017,0.000299452,0.000290346,0.000285417,0.000268506,0.000249555,0.000244512,0.000231325,0.000211744,0.000204884,0.000195988,0.000186121,0.00018255,0.000170965,0.000164719,0.000162663,0.000157255,0.000150989,0.000151688,0.000145844,0.000139719,0.000136748,0.000128434,0.000124391,0.000119346,0.000114486,0.000111386,0.000106954,0.000105763,9.91995e-05,9.56369e-05,9.31256e-05,9.55905e-05,8.81861e-05,8.74648e-05,8.85528e-05,8.41343e-05,8.05654e-05,7.69441e-05,7.2763e-05,7.66077e-05,7.12907e-05,6.61888e-05,7.0485e-05,7.3939e-05,6.85765e-05,6.79463e-05,6.83089e-05,6.44523e-05
,,,DIL1A,0.0267213,0.026161,0.0249517,0.0241722,0.023538,0.0226669,0.0218563,0.0213452,0.0207916,0.0202192,0.0197244,0.0192289,0.0190894,0.0187999,0.0181811,0.0177167,0.0175738,0.0169895,0.0166996,0.015977,0.0154889,0.0155743,0.0152592,0.0148299,0.0151308,0.0151222,0.0149341,0.014656,0.0147357,0.014471,0.0143484,0.0140521,0.0140183,0.0142686,0.0144387,0.0142026,0.0145437,0.0149215,0.0150331,0.0150432,0.015147,0.0151881,0.0153274,0.0156686,0.0160955,0.0160445,0.0159443,0.0156386,0.0150199,0.0152498,0.0159434,0.0166655,0.0176447,0.0188066,0.018677
,,,DIL1A(BGRD),0.000606313,0.000569128,0.000545886,0.000508327,0.000485016,0.000454543,0.000432893,0.00042463,0.000405433,0.00037994,0.000360275,0.000338873,0.00032289,0.000309714,0.000301619,0.000279869,0.000269269,0.000258025,0.000250756,0.000240327,0.00022641,0.000224298,0.000212659,0.000203041,0.000199766,0.000200298,0.000194474,0.000182648,0.000182363,0.000169573,0.000160947,0.000153005,0.000153796,0.000148954,0.000147784,0.000139328,0.00013351,0.000131594,0.000128505,0.000119451,0.000122754,0.000116117,0.000111781,0.000111109,0.000111242,0.000102707,9.78405e-05,9.75636e-05,9.42471e-05,9.06638e-05,9.60463e-05,8.90887e-05,8.57972e-05,9.76382e-05,9.96075e-05
,,,DIL1B,0.0209267,0.0205534,0.0198025,0.0190831,0.0187209,0.0180674,0.0174011,0.0169234,0.0166905,0.0162513,0.0158982,0.0155255,0.0155124,0.0154839,0.0149916,0.0146428,0.0145233,0.0141179,0.0139173,0.0134459,0.0129976,0.0130952,0.012955,0.0125452,0.0127319,0.0126894,0.0127471,0.0124527,0.0124414,0.0121769,0.0119007,0.0116113,0.0116003,0.0116694,0.0117463,0.0115438,0.0117194,0.0119359,0.0119942,0.011939,0.0121573,0.0121398,0.0121322,0.012434,0.0127625,0.0125146,0.0124329,0.0122154,0.0116681,0.0117689,0.0124484,0.0128737,0.0137036,0.0146413,0.0148732
,,,DIL1B(BGRD),0.000643407,0.000598341,0.00057286,0.0005252,0.000500367,0.000474201,0.000453335,0.00044173,0.00042577,0.000401783,0.00036971,0.000357007,0.00034065,0.000329916,0.000318017,0.000295447,0.000285072,0.000274695,0.000266772,0.000252413,0.000242016,0.000237416,0.000223448,0.000213732,0.000216982,0.000210366,0.000206926,0.000197371,0.000191986,0.000180133,0.00016986,0.000164264,0.000159699,0.000157513,0.000156195,0.000149052,0.000142894,0.00014503,0.000139637,0.000132919,0.000129093,0.000125543,0.000121513,0.000121397,0.00012092,0.000113079,0.000110788,0.000106362,0.000101105,9.96859e-05,0.000106489,0.000101779,9.79987e-05,0.000103529,0.000107383
C. braarudii,RCC1198,0918_CBRA,MILQ,0.000504109,0.00047729,0.00044997,0.000411553,0.000406411,0.00038374,0.00036468,0.000348226,0.000339309,0.000333425,0.000306564,0.000292495,0.000280919,0.000279557,0.000257711,0.000249815,0.000242196,0.00023614,0.000228405,0.000217945,0.000207975,0.000206817,0.000200215,0.000191502,0.000188457,0.000190259,0.000186263,0.000177201,0.000170372,0.000166986,0.00016282,0.00015539,0.000154428,0.000146112,0.000151169,0.000142668,0.000137266,0.000138508,0.000136872,0.00013049,0.000127336,0.000126119,0.000123817,0.000116737,0.000118743,0.00011365,0.00011168,0.000110809,0.000109317,0.000107918,0.000113249,0.000105223,0.000101693,0.000106859,0.000101598
,,,MILQ(FILT),0.000452891,0.000413774,0.000394348,0.000369639,0.000345775,0.00032902,0.000315128,0.000296591,0.000287207,0.00027604,0.0002648,0.000243439,0.000234981,0.000224685,0.000212861,0.000199535,0.000193823,0.000188006,0.000178073,0.000173436,0.000163798,0.000160132,0.000156001,0.000144902,0.000145841,0.000142711,0.000140547,0.000129259,0.000126753,0.000123283,0.000117791,0.000113795,0.000108138,0.000104134,0.0001026,9.81209e-05,9.42474e-05,9.16547e-05,9.20255e-05,8.87681e-05,8.56729e-05,8.36672e-05,8.19979e-05,7.82404e-05,7.59501e-05,7.15552e-05,7.59518e-05,6.9234e-05,6.72039e-05,6.75866e-05,7.26126e-05,6.45331e-05,6.38684e-05,6.68353e-05,6.27343e-05
,,,DIL1A,0.00202758,0.00196442,0.00190384,0.00183037,0.0017763,0.00173099,0.00171442,0.00167506,0.00170858,0.00169365,0.00166745,0.00166185,0.00165072,0.001673,0.00166582,0.00162578,0.00170114,0.00168755,0.00172183,0.00169862,0.00166929,0.00170282,0.00170268,0.00171222,0.00172381,0.00177534,0.0017684,0.00178288,0.00178219,0.00177835,0.00175408,0.00172145,0.00171138,0.00174769,0.00173021,0.00166659,0.00168843,0.00174137,0.00171083,0.0017316,0.00169455,0.00168788,0.00164678,0.00167415,0.00167079,0.00165586,0.00161091,0.00155171,0.00144936,0.00144321,0.00149416,0.00154095,0.00166661,0.00174664,0.00177087
,,,DIL1A(BGRD),0.000600039,0.000550236,0.000528452,0.000488822,0.000456551,0.000431011,0.000410402,0.000398508,0.000387303,0.000366021,0.000341349,0.000322171,0.00030812,0.00029372,0.000286283,0.000270801,0.000260778,0.000250464,0.000242079,0.000230691,0.000219019,0.000211941,0.000203771,0.000191341,0.000195952,0.000189481,0.000186437,0.000174176,0.000170782,0.000162411,0.000153335,0.000149064,0.000145885,0.000142627,0.000141658,0.000131202,0.000130871,0.000123868,0.000124104,0.000118466,0.000115528,0.000110036,0.000105184,0.000108709,0.000108934,0.000104733,9.49603e-05,9.51444e-05,9.20136e-05,9.08464e-05,9.4533e-05,9.11671e-05,8.91192e-05,9.00529e-05,9.91254e-05
,,,DIL1B,0.00332522,0.00329395,0.00318455,0.00311319,0.00307016,0.00297957,0.00296417,0.00292341,0.00299377,0.0029727,0.00300454,0.00300119,0.00305907,0.00311914,0.00311443,0.00318058,0.00323655,0.00327244,0.00330378,0.00323295,0.00324312,0.00330883,0.00332243,0.00331865,0.0034081,0.0035027,0.00357922,0.00360538,0.00362045,0.00359835,0.00355022,0.00348132,0.00348512,0.00346805,0.00349347,0.00343899,0.00345207,0.0035284,0.00353283,0.00344682,0.00346758,0.00343706,0.00340239,0.00341187,0.00346612,0.0033736,0.00330401,0.0031472,0.0029537,0.0029657,0.0030635,0.00326606,0.00348901,0.00372446,0.00373738
,,,DIL1B(BGRD),0.000611693,0.000559557,0.000544202,0.00050656,0.00047548,0.000457738,0.000432838,0.000423993,0.00040416,0.000386412,0.000369575,0.000338267,0.000327412,0.000309467,0.000300847,0.000283976,0.000275375,0.000263862,0.000260342,0.000248726,0.000235957,0.000230816,0.00021533,0.000212623,0.00021492,0.000208017,0.000208716,0.00019381,0.000191125,0.000185905,0.000172205,0.000174331,0.00016571,0.000163025,0.000160985,0.000151924,0.000151873,0.000150928,0.000152013,0.000138693,0.000134174,0.00013436,0.000123901,0.000124423,0.000127733,0.000116291,0.000110369,0.000109919,0.000102947,0.000105475,0.000108961,0.000102534,0.000100704,0.000109737,0.000111367
P. globosa,CCMP1805,0923_PGLO,MILQ,0.000548125,0.000507974,0.000491487,0.000457626,0.000439018,0.000415686,0.00040242,0.000387969,0.000380358,0.000358859,0.000345564,0.000333577,0.000318866,0.000317438,0.000285084,0.000282838,0.00026703,0.000263054,0.000258028,0.000250129,0.000240379,0.000236136,0.000230316,0.000215742,0.000224624,0.000218224,0.00021707,0.000207813,0.000205215,0.00019593,0.000186181,0.000182159,0.000184454,0.000178656,0.000171869,0.000162921,0.000162149,0.000162819,0.000165015,0.000152854,0.000151807,0.000152558,0.00014616,0.000142149,0.000141343,0.000139824,0.000134442,0.000138636,0.00012645,0.00012865,0.000134066,0.000126369,0.00012989,0.000129476,0.000122732
,,,MILQ(FILT),0.000466501,0.000425514,0.000398743,0.000370649,0.000346303,0.000332944,0.000312159,0.000301293,0.00028106,0.000281747,0.000261023,0.000252647,0.000237277,0.000229594,0.000208711,0.000201278,0.00019742,0.000191753,0.000182708,0.000172538,0.000167388,0.000160113,0.000160537,0.000146513,0.000146626,0.00014264,0.00013993,0.000137816,0.000127181,0.000123532,0.00011755,0.000112744,0.000112657,0.000108236,0.0001044,9.68606e-05,9.5389e-05,9.54333e-05,9.23959e-05,9.16073e-05,8.5679e-05,8.69023e-05,8.50407e-05,8.0314e-05,7.35366e-05,7.48051e-05,7.46323e-05,7.12964e-05,6.75521e-05,7.09052e-05,7.23266e-05,6.74006e-05,6.87878e-05,6.55504e-05,6.42635e-05
,,,DIL1A,0.00153753,0.00148998,0.00143274,0.00137345,0.00132387,0.00126868,0.00121792,0.00121491,0.00121202,0.00121795,0.00120852,0.00119921,0.00121152,0.00121623,0.00119292,0.00116669,0.00116642,0.00113768,0.00112944,0.00109824,0.00106999,0.00108252,0.00107986,0.00105894,0.00107605,0.00108224,0.00107109,0.00104523,0.00103517,0.0010011,0.000964001,0.000925273,0.000916782,0.000887297,0.000898719,0.00085815,0.000851743,0.000848471,0.000837271,0.000810497,0.000800671,0.000783159,0.000761286,0.000755905,0.000750585,0.00070913,0.000676483,0.00070043,0.00077622,0.000904076,0.000968277,0.000953164,0.000928884,0.000938526,0.000885579
,,,DIL1A(BGRD),0.000608463,0.000560018,0.000527774,0.000495007,0.000468431,0.000441049,0.000422648,0.000406318,0.000385015,0.000373325,0.000338995,0.000324799,0.000317651,0.000302764,0.000288808,0.000269158,0.000258699,0.000251711,0.00024549,0.000230835,0.000219223,0.000215878,0.000202938,0.000198266,0.000194041,0.000189507,0.000185124,0.000177059,0.000169379,0.000162478,0.000154111,0.000148361,0.000147127,0.000141458,0.000140893,0.000131773,0.000126768,0.000128557,0.000122861,0.000117177,0.000116373,0.000110871,0.000108212,0.000104802,0.000106883,9.82535e-05,9.33809e-05,9.25455e-05,8.6633e-05,9.12394e-05,8.96853e-05,8.31776e-05,8.31584e-05,8.84227e-05,9.25687e-05
,,,DIL1B,0.00158139,0.00153537,0.00147004,0.00141156,0.00135565,0.0012907,0.00125541,0.0012415,0.00123247,0.00123687,0.00122453,0.00121065,0.00120995,0.00120351,0.00117441,0.00115808,0.001158,0.00112162,0.00111065,0.00108195,0.00104965,0.00106381,0.00104943,0.00103172,0.00104284,0.00104017,0.00103834,0.000999681,0.000994511,0.000956096,0.000926051,0.000885356,0.000874401,0.000853608,0.000854049,0.000828151,0.000816119,0.000814733,0.000797102,0.000769991,0.000764284,0.000751538,0.000727071,0.000722994,0.000719056,0.000684601,0.000662655,0.000671824,0.00073963,0.000824026,0.000873041,0.000856621,0.000845739,0.000851611,0.000807714
,,,DIL1B(BGRD),0.000626957,0.000581647,0.000551655,0.000507903,0.000478979,0.000457108,0.000437842,0.000419917,0.000407432,0.000382362,0.00035384,0.000342891,0.000331007,0.000306069,0.000300078,0.000286909,0.000274892,0.000260177,0.000254049,0.000240939,0.000227989,0.000223065,0.000215194,0.000203756,0.000202831,0.000198761,0.000194239,0.000185725,0.000178195,0.000171673,0.000163304,0.000152703,0.000153326,0.000148811,0.000145685,0.000138077,0.000133414,0.000131977,0.000125973,0.000122085,0.000120874,0.00011573,0.000108639,0.000108556,0.000109951,0.000104565,9.96188e-05,9.63003e-05,9.31894e-05,9.25315e-05,9.10881e-05,9.08775e-05,8.38293e-05,8.78375e-05,8.8572e-05
A. affine,CCMP112,1105_AAFF,MILQ,0.000684814,0.000656656,0.000619253,0.000587927,0.00055064,0.000534703,0.000515272,0.00050269,0.000480366,0.000477904,0.000440746,0.000423738,0.000414042,0.000405232,0.000390153,0.000371251,0.000380248,0.000361654,0.000356364,0.000339477,0.000326232,0.000324133,0.000318946,0.00030238,0.000307327,0.000309478,0.000297577,0.000286886,0.000288038,0.000275856,0.000268171,0.000257813,0.00025447,0.000256312,0.000253874,0.00023993,0.000248169,0.000242154,0.000236154,0.000227715,0.000225646,0.000225729,0.000221893,0.000225612,0.000219727,0.000209357,0.000211321,0.000198563,0.000192735,0.000201279,0.00021088,0.000198009,0.000200279,0.000208624,0.000183132
,,,MILQ(FILT),0.000485154,0.000596597,0.000422277,0.00038813,0.000374017,0.000345386,0.000332392,0.000315661,0.000308767,0.000296181,0.000275826,0.000285427,0.00025681,0.000238315,0.000231976,0.000215487,0.000203617,0.000222733,0.000192129,0.000182255,0.000178963,0.000169346,0.000165906,0.000154316,0.000160527,0.000148427,0.000147217,0.000139917,0.000133183,0.000129507,0.000124657,0.00013292,0.00011397,0.000114557,0.000112613,0.000105016,0.000100748,0.000116872,9.74933e-05,0.000354997,9.19649e-05,9.20189e-05,8.93962e-05,8.22799e-05,8.48831e-05,7.96149e-05,7.05229e-05,7.4091e-05,8.05521e-05,7.01034e-05,6.95672e-05,6.38351e-05,6.74061e-05,7.038e-05,6.49697e-05
,,,DIL1A,0.00526798,0.00514691,0.00503111,0.00482698,0.0046862,0.00455332,0.00444481,0.00441027,0.00440818,0.00436255,0.00433505,0.00419983,0.0042013,0.00414146,0.00406831,0.00404003,0.00404916,0.00399599,0.00400178,0.0038829,0.00385946,0.00388625,0.00386509,0.00381227,0.00395841,0.0040718,0.00414024,0.00408896,0.00416491,0.0040999,0.00400724,0.00391952,0.00387948,0.00386029,0.00387104,0.00373115,0.00373239,0.00370799,0.00363856,0.00352029,0.00350902,0.00338926,0.00333198,0.00337338,0.00331375,0.00317259,0.00301541,0.00287514,0.00280466,0.00292668,0.00308301,0.00320284,0.00348559,0.00396457,0.00407762
,,,DIL1A(BGRD),0.000942118,0.000879348,0.00083765,0.000783215,0.000741155,0.000707524,0.000675297,0.000654186,0.000619789,0.00061155,0.000560154,0.000528976,0.000514152,0.000494759,0.00046185,0.000450505,0.000436423,0.00042105,0.000409296,0.000385155,0.000371012,0.000358492,0.000351128,0.00033183,0.000324471,0.000315976,0.00031194,0.000294596,0.000296818,0.000276323,0.000274864,0.000251169,0.000247976,0.000245028,0.000237554,0.000225778,0.000221523,0.000215649,0.000211541,0.000203172,0.000200661,0.000198709,0.00019015,0.000184755,0.000179923,0.000172196,0.000166987,0.000164556,0.000159842,0.000153009,0.000156305,0.000150077,0.000155043,0.000156168,0.000151701
,,,DIL1B,0.00510312,0.00500498,0.00484435,0.00468822,0.00456815,0.00443695,0.00433541,0.00430267,0.00428471,0.00427689,0.00417037,0.00414499,0.00407801,0.00405978,0.00395471,0.00392716,0.00398192,0.00390334,0.00391739,0.00383342,0.00376335,0.00382631,0.00383504,0.00377023,0.00386403,0.0039877,0.00411651,0.00409715,0.00418273,0.00414367,0.00406101,0.00392777,0.00387711,0.00384656,0.00387669,0.00376529,0.00377714,0.00369432,0.0035856,0.00345477,0.00351203,0.00338441,0.00332901,0.00334198,0.00334047,0.00317708,0.00299861,0.00281432,0.00278589,0.00288291,0.00302037,0.00320688,0.00357726,0.00409817,0.00423809
,,,DIL1B(BGRD),0.00101645,0.000954944,0.000902469,0.000834791,0.000801171,0.000761375,0.000727706,0.000706475,0.000671489,0.000646021,0.000605194,0.000586463,0.000553929,0.000541916,0.000505473,0.0004908,0.000479623,0.000454842,0.000449257,0.000427711,0.00039632,0.000398015,0.000381418,0.000366075,0.000361461,0.000348931,0.000338921,0.000328583,0.000322338,0.000304364,0.000295307,0.000283083,0.00027372,0.000264242,0.000264146,0.000250051,0.000243724,0.00023969,0.000235812,0.000227117,0.000222871,0.000218818,0.000207912,0.00020396,0.000203108,0.000190041,0.000186853,0.000181408,0.000178551,0.00017858,0.000177504,0.000168659,0.000171064,0.000172379,0.000169786
A. monilatum,ARC253,1107_AMON,MILQ,0.000563564,0.000542142,0.000497591,0.00046615,0.000450094,0.000414212,0.000398142,0.000381621,0.000371433,0.000367707,0.000348307,0.000329669,0.000325055,0.00030977,0.000294446,0.000285846,0.00027218,0.00026442,0.000256607,0.000251367,0.000238136,0.000232614,0.000230496,0.00021752,0.000219531,0.000215697,0.000214933,0.00020384,0.00019821,0.000194043,0.000185339,0.000176332,0.000179317,0.00017306,0.000171589,0.000163784,0.000162819,0.000163676,0.0001644,0.000154142,0.000150642,0.000147356,0.000145579,0.000138806,0.000136547,0.000135435,0.00013414,0.000129828,0.000125467,0.000129258,0.000133936,0.00012293,0.000122492,0.000122193,0.000122208
,,,MILQ(FILT),0.000483518,0.000431834,0.000417689,0.000389097,0.000368893,0.0003465,0.000322867,0.00030828,0.000300414,0.000285632,0.000273564,0.000262252,0.000251953,0.00023723,0.000218667,0.000211773,0.000202629,0.000192782,0.000194581,0.000178942,0.000173623,0.000168727,0.000165997,0.000156632,0.000155389,0.000148161,0.000146296,0.000140091,0.000133886,0.000131956,0.00012435,0.000118454,0.000115767,0.000114586,0.000113379,0.000104628,0.000100084,9.87937e-05,0.000101344,9.25025e-05,9.26435e-05,8.87687e-05,8.56502e-05,8.22756e-05,7.91615e-05,7.88964e-05,8.38505e-05,8.40241e-05,8.28956e-05,8.27946e-05,8.00122e-05,7.29995e-05,7.33534e-05,6.83337e-05,7.36933e-05
,,,DIL1A,0.00315697,0.00309853,0.00300047,0.00284522,0.00279043,0.00272333,0.00267878,0.00264892,0.00265366,0.00263596,0.0025888,0.00257943,0.00249273,0.00253505,0.00245051,0.00245524,0.00247437,0.00243577,0.00246851,0.00238085,0.00234422,0.00238747,0.00238525,0.00232984,0.00238199,0.00237019,0.00246657,0.00242298,0.00243422,0.00237795,0.00236588,0.00223955,0.00220622,0.00219929,0.00221868,0.00216361,0.00210562,0.00208546,0.00205053,0.00202876,0.00197371,0.00195059,0.0018827,0.00190491,0.00188755,0.00182172,0.00175012,0.00168132,0.00162476,0.0016708,0.00173108,0.00178158,0.00185754,0.00203604,0.00207035
,,,DIL1A(BGRD),0.000700591,0.000645438,0.000618395,0.000570557,0.000539212,0.000502269,0.00047772,0.000462891,0.000457968,0.000431217,0.000400281,0.00037789,0.000375369,0.000351805,0.000332981,0.000319696,0.000312993,0.000299514,0.000291121,0.000272627,0.000262861,0.000259842,0.00024271,0.000235103,0.000236062,0.000229258,0.000225568,0.000215752,0.000206597,0.000198539,0.000189851,0.000181125,0.000174513,0.000173206,0.000167282,0.000158446,0.000158939,0.000153079,0.000153103,0.000142764,0.000140873,0.000136548,0.000132359,0.000133142,0.000132417,0.000121712,0.000121437,0.000121137,0.000119288,0.000121144,0.000117546,0.000105304,0.000104199,0.000113175,0.000112499
,,,DIL1B,0.00279486,0.00267854,0.00265681,0.00253096,0.00248189,0.0023926,0.00233712,0.00230194,0.00233184,0.00227429,0.00227511,0.00220221,0.00218006,0.0021988,0.00214158,0.00213128,0.0021597,0.00210193,0.00208543,0.00205462,0.00200688,0.00201516,0.00199852,0.00198395,0.0020149,0.00202881,0.00207992,0.00201682,0.00205365,0.00198688,0.00193709,0.00189136,0.00184468,0.00190055,0.00186404,0.00178339,0.00181917,0.00175036,0.00170732,0.00168627,0.00167114,0.00164609,0.00161552,0.00161966,0.00159761,0.00152754,0.001485,0.00145931,0.00137508,0.00139698,0.00146139,0.00148952,0.0015906,0.00171354,0.00170149
,,,DIL1B(BGRD),0.000691639,0.000645166,0.000610622,0.000565282,0.000538449,0.000505962,0.000484022,0.000465343,0.000457355,0.000430575,0.000396501,0.000381766,0.000363862,0.000355526,0.000334367,0.000324762,0.000304353,0.000290904,0.000288235,0.000271414,0.000259538,0.000254531,0.000237908,0.000233778,0.000232914,0.000221963,0.000220461,0.000211194,0.000204366,0.000197343,0.000185737,0.0001751,0.000175531,0.000171171,0.000167288,0.000160298,0.000154158,0.000152734,0.000150352,0.000143697,0.000140706,0.000134045,0.00012838,0.000128574,0.000128795,0.00011716,0.000122183,0.00011321,0.000109003,0.000115953,0.000113432,0.000106748,9.95104e-05,0.000107676,0.000108296
C. marina,ARC270,1112_CMAR,MILQ,0.000614823,0.00057348,0.000537703,0.00050926,0.000486402,0.000461224,0.000438371,0.00042704,0.000417724,0.00040529,0.000378816,0.000365226,0.000354577,0.000344385,0.000327373,0.000318372,0.000306019,0.000295601,0.000300614,0.000286207,0.000266857,0.000265657,0.000251906,0.000246729,0.000251216,0.000250951,0.000250148,0.000238983,0.000231704,0.000218143,0.000209719,0.000213302,0.000212245,0.000202286,0.000192016,0.000187971,0.000192831,0.000185473,0.000186926,0.000182765,0.000175129,0.000172968,0.000168094,0.000165686,0.000168448,0.000156144,0.000156422,0.000151531,0.000152008,0.000152911,0.000152795,0.0001475,0.000145069,0.000155167,0.000140897
,,,MILQ(FILT),0.000475607,0.00043495,0.00040716,0.000374429,0.000358486,0.000335799,0.000321989,0.000301546,0.000286319,0.000282834,0.000278276,0.000258876,0.000246656,0.000223156,0.000211157,0.000202678,0.000205314,0.000190775,0.00018316,0.000172204,0.000164864,0.000162685,0.000160055,0.000149528,0.000148163,0.00014561,0.000142746,0.000134932,0.000129847,0.000125896,0.000115706,0.000110493,0.000112347,0.000112151,0.000102339,9.64646e-05,9.54381e-05,9.43491e-05,9.52111e-05,9.113e-05,8.66257e-05,8.76857e-05,8.14344e-05,7.92655e-05,7.68848e-05,7.11779e-05,7.47639e-05,7.58381e-05,6.7335e-05,6.71479e-05,7.41417e-05,7.1483e-05,6.3956e-05,6.42598e-05,6.41519e-05
,,,DIL1A,0.00187958,0.00183067,0.00173695,0.00166663,0.00160341,0.00156462,0.00154836,0.00150557,0.00152208,0.00148227,0.00144275,0.0013906,0.00137744,0.00134681,0.00131504,0.00130433,0.00131231,0.00128681,0.00127039,0.00124878,0.00123055,0.00123443,0.00122655,0.00117793,0.00122034,0.00122254,0.00123084,0.00119293,0.00120454,0.00117616,0.00114849,0.00112451,0.00111337,0.00109258,0.00109681,0.00106615,0.00104265,0.00104343,0.00102596,0.00100099,0.000986227,0.000971919,0.000947364,0.000957926,0.000953921,0.000902328,0.000865509,0.000832102,0.000824111,0.000856153,0.000893954,0.000896856,0.000924911,0.000991564,0.000993048
,,,DIL1A(BGRD),0.000690922,0.000642885,0.000611349,0.000565152,0.000537241,0.000510984,0.000483199,0.000466832,0.000447017,0.000438437,0.000403093,0.0003839,0.000367355,0.000353318,0.000329267,0.000316772,0.000309847,0.000295217,0.00028549,0.000272394,0.000251796,0.00025163,0.000239688,0.000230042,0.000230467,0.000224218,0.000220346,0.000209968,0.000203752,0.000193613,0.000183164,0.000173718,0.000172325,0.000169934,0.00016364,0.00015816,0.000153215,0.000151576,0.000147895,0.000140049,0.00014129,0.000132947,0.000127082,0.000127194,0.000128623,0.000119817,0.000118362,0.000110784,0.000104151,0.000108254,0.000106318,0.000104655,9.54162e-05,0.000110934,0.000112873
,,,DIL1B,0.00173529,0.00167696,0.00160109,0.00151296,0.00147154,0.00143736,0.00138398,0.0013785,0.00137793,0.00134457,0.00133451,0.00126977,0.00124969,0.0012416,0.00120118,0.00119642,0.00119081,0.00117393,0.00116918,0.00114829,0.00110398,0.00111065,0.00110414,0.00107505,0.00109941,0.00110119,0.00111069,0.00108884,0.00107783,0.00105647,0.00102858,0.000994149,0.000978205,0.000975743,0.000989716,0.000940034,0.000920753,0.000929157,0.000904167,0.000870175,0.000890804,0.000869693,0.000850661,0.000862198,0.000847589,0.000805052,0.000787266,0.000758484,0.000759255,0.000768759,0.000807121,0.000806908,0.00082371,0.000853207,0.00087471
,,,DIL1B(BGRD),0.000710104,0.000684536,0.00064498,0.000605009,0.000573943,0.000541403,0.000507793,0.000497928,0.000485739,0.000451033,0.000431906,0.000409104,0.000389319,0.000385812,0.000359836,0.000345165,0.000337802,0.000326063,0.000309809,0.000294876,0.000277444,0.000276265,0.000262366,0.000247991,0.000252807,0.000247839,0.000239444,0.000228611,0.000221622,0.000213881,0.0002068,0.000199342,0.000189221,0.000183035,0.000185182,0.000174014,0.000173321,0.000168101,0.000165073,0.000160304,0.000154273,0.000152904,0.000148993,0.000145026,0.000137923,0.000131794,0.000132091,0.000124625,0.000118142,0.000123503,0.000126648,0.000111911,0.000114101,0.000117901,0.000111573
H. carteri,AC419/RCC1323,1114_HCAR,MILQ,0.000545801,0.000517605,0.000478251,0.000445661,0.000415911,0.000395497,0.000385943,0.000377866,0.000352129,0.000344816,0.000329138,0.000305201,0.000298139,0.000292639,0.000279898,0.000259702,0.000253441,0.000237492,0.000246361,0.000235387,0.000219484,0.000218937,0.000206993,0.000204149,0.000198711,0.000198582,0.000195512,0.00018431,0.000184372,0.000176703,0.000168666,0.000162854,0.000159838,0.000157236,0.000154122,0.000143017,0.000145384,0.000144898,0.000146557,0.000137501,0.000134461,0.000131632,0.000130223,0.000129051,0.000128213,0.000119146,0.000123007,0.000121851,0.000113811,0.00011279,0.000111747,0.000109956,0.000111149,0.000113023,0.000107802
,,,MILQ(FILT),0.000477241,0.000432458,0.000414452,0.000382195,0.000355921,0.000338931,0.000322621,0.000301511,0.000292818,0.000278218,0.00028065,0.00025539,0.000244826,0.000232073,0.000212268,0.000202657,0.000198968,0.000189035,0.000183268,0.000176286,0.000165031,0.000166095,0.000158009,0.000147649,0.000145262,0.000143214,0.000142254,0.000135041,0.000130678,0.000125748,0.000120044,0.000115472,0.000110436,0.000107097,0.000106382,9.86402e-05,9.39743e-05,9.75199e-05,9.30771e-05,9.00564e-05,8.53391e-05,8.55262e-05,8.25834e-05,8.0135e-05,7.41047e-05,7.5591e-05,7.54363e-05,7.11272e-05,6.8281e-05,6.78909e-05,7.13439e-05,6.87202e-05,6.81811e-05,6.55278e-05,5.88007e-05
,,,DIL1A,0.00219488,0.00215072,0.00205045,0.00197874,0.00194857,0.00188107,0.00185982,0.00184332,0.00186353,0.00184497,0.00183978,0.0018436,0.00186455,0.00187784,0.00187012,0.00191534,0.00195471,0.00195141,0.00196835,0.00197409,0.00195597,0.00202248,0.0020027,0.00199316,0.00208578,0.00210132,0.00212362,0.00209091,0.00209321,0.0020677,0.00202696,0.00194635,0.00193881,0.00196346,0.00197773,0.00191869,0.00196088,0.00196105,0.00194461,0.00191427,0.0019373,0.0019275,0.00185127,0.00188574,0.00192958,0.00186152,0.00181235,0.00173478,0.00163892,0.00162418,0.00167805,0.00177871,0.00189182,0.00204424,0.00208569
,,,DIL1A(BGRD),0.000642376,0.000593958,0.000560125,0.000516239,0.000483769,0.00045801,0.000433097,0.000426722,0.000407011,0.000380207,0.000360051,0.000343802,0.000324902,0.000315488,0.000294531,0.000282074,0.000272692,0.000260602,0.000255236,0.000245157,0.000234085,0.000227601,0.000211393,0.000208687,0.000206586,0.000199524,0.000197976,0.000185602,0.000183289,0.000176018,0.000167238,0.00015618,0.00015499,0.000150452,0.000154232,0.000141475,0.000138419,0.000137045,0.000129065,0.000126853,0.000124124,0.000119491,0.000113796,0.000114288,0.000114407,0.000108952,0.000105233,0.000105065,9.71565e-05,9.5123e-05,9.98394e-05,9.35566e-05,9.64454e-05,9.89446e-05,0.00010002
,,,DIL1B,0.00253382,0.00241352,0.00236144,0.00226666,0.00220973,0.00216677,0.00211908,0.00211999,0.00209465,0.00210536,0.00210542,0.0020933,0.00212505,0.00218924,0.00216294,0.00217524,0.00223696,0.00219748,0.00226658,0.00225986,0.00221677,0.00229224,0.00232371,0.00231525,0.00238159,0.00241327,0.00246612,0.00242603,0.00239647,0.00237783,0.00235831,0.00230292,0.00228583,0.0022508,0.0022657,0.0022243,0.00223805,0.00226367,0.00226061,0.00220882,0.00224387,0.00222386,0.00218226,0.00220223,0.00222203,0.00215272,0.00208378,0.00199998,0.00189485,0.00188143,0.00196035,0.00203804,0.00221252,0.00232262,0.00237412
,,,DIL1B(BGRD),0.000632728,0.000595852,0.000566128,0.000524196,0.000492662,0.000464728,0.000444992,0.000426001,0.000425126,0.000390614,0.000370226,0.000349683,0.000332558,0.000319486,0.000299498,0.00028582,0.000274832,0.000268189,0.000257495,0.000246587,0.000233747,0.00022907,0.000217042,0.000211293,0.000209192,0.000202707,0.000201772,0.000190943,0.000184778,0.000176325,0.000166402,0.000157563,0.000157332,0.000153444,0.000146717,0.000146617,0.000142286,0.000138451,0.000130757,0.000129139,0.000122974,0.000121311,0.000115508,0.0001196,0.000116598,0.000111031,0.000110511,0.000105287,9.06012e-05,0.000103,9.65419e-05,9.38959e-05,9.06577e-05,9.97096e-05,0.000101291
G. oceanica,AC636/RCC1311,1117_GOCE,MILQ,-0.000149051,0.000535234,0.000456719,0.000417204,0.000397114,0.000371707,0.000356093,0.000341407,0.000337464,0.000331318,0.000305453,0.000289173,0.000272846,0.000264399,0.000252563,0.00023974,0.000236774,0.000226713,0.000216605,0.00020899,0.000206879,0.000196358,0.000196276,0.000186625,0.000183746,0.000182968,0.000177939,0.000172138,0.000164536,0.000158408,0.000152451,0.000146278,0.000146916,0.000138046,0.000134579,0.000132629,0.000131716,0.000129261,0.000126593,0.000121864,0.000117465,0.000121302,0.00011736,0.000113355,0.000111363,0.00010366,0.000109649,0.00010077,9.998e-05,9.72451e-05,0.000104317,9.81879e-05,9.2922e-05,9.36877e-05,8.26414e-05
,,,MILQ(FILT),0.000472006,0.000431679,0.000403299,0.000373609,0.00036045,0.00033048,0.000313421,0.000299687,0.000295469,0.000282997,0.000263991,0.000252997,0.00024646,0.000226177,0.000216696,0.000203642,0.0001925,0.000189185,0.000176365,0.000169991,0.000164865,0.000160175,0.000156178,0.00014489,0.000147891,0.000142481,0.000142463,0.000130325,0.000127817,0.000122476,0.000118859,0.000110939,0.0001086,0.000109458,0.000101751,9.84476e-05,9.4804e-05,9.37124e-05,9.3312e-05,8.58373e-05,8.83609e-05,8.65152e-05,8.27644e-05,7.93856e-05,7.52707e-05,7.07278e-05,7.36272e-05,6.96556e-05,6.75253e-05,6.84743e-05,7.29744e-05,7.06839e-05,6.88698e-05,6.86607e-05,6.03654e-05
,,,DIL1A,0.0142663,0.0139191,0.0134132,0.0130736,0.0129142,0.0125998,0.0122281,0.0122796,0.0122975,0.0123799,0.0124245,0.0123862,0.0125598,0.012757,0.0126582,0.0126414,0.012896,0.0128243,0.0128795,0.0127364,0.0125007,0.0129176,0.012938,0.0129581,0.013317,0.0135932,0.0137315,0.0135943,0.013849,0.0136867,0.0135888,0.0133959,0.013498,0.0135972,0.013781,0.0134349,0.0137591,0.014006,0.0140075,0.0139949,0.0141308,0.0140058,0.013885,0.0140877,0.0142838,0.0138906,0.0137132,0.0131894,0.0126338,0.0126442,0.013132,0.0134913,0.0140176,0.0146867,0.0146075
,,,DIL1A(BGRD),0.00061706,0.000570536,0.000540603,0.000503031,0.000473803,0.000446857,0.000428923,0.00041098,0.000398903,0.000379293,0.000347996,0.000328618,0.00032265,0.000311284,0.00029368,0.000274168,0.000261561,0.000252082,0.000244012,0.000234717,0.000222975,0.000216399,0.000207373,0.00020024,0.000198809,0.000195788,0.000188994,0.000183814,0.000173892,0.000165944,0.000159904,0.000149346,0.00014833,0.000143534,0.000142461,0.000136609,0.000132059,0.000132595,0.000125182,0.000122529,0.000116067,0.000113122,0.000108277,0.000107314,0.000107981,0.000102252,9.61658e-05,9.29104e-05,8.93571e-05,9.08186e-05,9.47024e-05,9.24749e-05,8.24603e-05,8.88641e-05,9.81419e-05
,,,DIL1B,0.0124971,0.0121316,0.0117709,0.0113626,0.0111959,0.0109595,0.0107148,0.0106682,0.0107363,0.0106754,0.0106012,0.010672,0.0107468,0.0109473,0.0108463,0.0108682,0.011084,0.0110257,0.0111393,0.010935,0.0108015,0.0112106,0.0112802,0.0112805,0.0116149,0.0117565,0.0120605,0.0120138,0.0122215,0.0121171,0.0119615,0.0117536,0.0118915,0.0119919,0.0121908,0.011962,0.0122686,0.0124989,0.0124982,0.0123615,0.0125407,0.0123806,0.0123015,0.0123667,0.0125377,0.0121972,0.0120338,0.0115951,0.011026,0.0110612,0.0114481,0.0117369,0.0121119,0.0126302,0.0126534
,,,DIL1B(BGRD),0.0006079,0.000580765,0.000550222,0.00050516,0.000484169,0.00045055,0.000433482,0.000408106,0.000405581,0.000384322,0.000354973,0.000340733,0.00032844,0.000312202,0.000299562,0.000279462,0.000269518,0.000257001,0.000252612,0.000236946,0.000223986,0.000220636,0.000210109,0.000200609,0.000202775,0.000197771,0.000190813,0.000180768,0.000177807,0.000165588,0.000157443,0.000150537,0.000148753,0.000143685,0.000144224,0.000133932,0.000132557,0.000127795,0.00012763,0.000121856,0.00012365,0.000113213,0.000110185,0.000109954,0.000105518,0.000100779,9.75212e-05,9.44494e-05,8.60095e-05,9.18668e-05,9.26209e-05,8.72786e-05,8.63198e-05,9.44518e-05,9.39905e-05
C. leptoporus,RCC1150,1124_CLEP,MILQ,-0.0024537,0.000502038,0.000479514,0.000442802,0.000423637,0.00040153,0.00038223,0.000373186,0.000360837,0.000350161,0.000330979,0.000312397,0.000303804,0.000293292,0.000276148,0.00025272,0.000253217,0.000250398,0.000246543,0.000231617,0.00022513,0.000223003,0.000210747,0.00020508,0.000202845,0.000199775,0.00020274,0.00019069,0.000187768,0.000178725,0.0001752,0.000171132,0.000182742,0.000166125,0.000165587,0.000152863,0.000150867,0.000150025,0.000150023,0.000145392,0.00013552,0.000140048,0.000135645,0.000141277,0.000128632,0.000128128,0.000131317,0.00011675,0.000111039,0.000112695,0.000122062,0.000120288,0.000110948,0.000120775,0.000110053
,,,MILQ(FILT),0.000477997,0.000436693,0.000415781,0.000377083,0.000448711,0.000336906,0.000333668,0.000305908,0.000296048,0.000297017,0.00027493,0.000256034,0.000244593,0.000244578,0.000211738,0.00020261,0.000203853,0.000191198,0.000182165,0.000174397,0.000167703,0.000169692,0.000154878,0.00021046,0.000153078,0.000139946,0.00014489,0.000161875,0.000131934,0.000126072,0.000121017,0.000117113,0.000111815,0.00013115,0.00010512,9.7006e-05,0.000104527,0.000107814,9.28885e-05,9.23206e-05,8.6192e-05,9.15572e-05,8.67512e-05,8.1965e-05,9.01264e-05,7.13937e-05,6.9191e-05,7.27633e-05,7.35878e-05,7.1018e-05,7.09872e-05,0.000101814,9.05162e-05,7.6287e-05,8.64263e-05
,,,DIL1A,0.00986565,0.00960963,0.00936106,0.00906336,0.00894594,0.00869089,0.00865562,0.00862352,0.00885722,0.00869976,0.00869306,0.00860683,0.00862168,0.00885288,0.00868369,0.00873812,0.00884334,0.00877586,0.00888922,0.00877496,0.00863476,0.00878161,0.0088073,0.00869619,0.00890962,0.00903242,0.00908465,0.00894653,0.00899012,0.00881803,0.00870024,0.00850593,0.00860374,0.00845488,0.00854231,0.00828319,0.00842357,0.0084679,0.00844877,0.00844924,0.00847567,0.00845715,0.00828451,0.00833009,0.00841184,0.00824479,0.00817106,0.00800648,0.00777288,0.00777721,0.00810965,0.00811847,0.00836763,0.00873615,0.00870215
,,,DIL1A(BGRD),0.000619587,0.00057738,0.000551142,0.000507983,0.000476119,0.000455697,0.00042913,0.000418714,0.000397584,0.000377864,0.000350845,0.000337445,0.000324089,0.000308123,0.000293886,0.000273423,0.000266806,0.000257847,0.000254033,0.000239995,0.000226145,0.000223242,0.000210756,0.000200256,0.000205979,0.00020166,0.000196767,0.000183735,0.000179821,0.000170686,0.000159811,0.000150818,0.000149149,0.000148952,0.000146753,0.000136232,0.000138303,0.000133979,0.000127325,0.000123543,0.000124993,0.000116984,0.000110038,0.000109704,0.000110146,0.000103492,0.000100972,9.47675e-05,9.54878e-05,9.20227e-05,9.4546e-05,9.41709e-05,8.97744e-05,9.55135e-05,0.000100783
,,,DIL1B,0.0111742,0.0108418,0.0105976,0.0102661,0.0101535,0.00997455,0.00977384,0.00979306,0.00990682,0.0098866,0.00993415,0.00979904,0.00995008,0.0100204,0.00991098,0.00988315,0.0100747,0.0100777,0.0100411,0.0098935,0.00977502,0.0100469,0.00996653,0.00991457,0.0101271,0.0101943,0.0102486,0.0100929,0.0101229,0.0100967,0.0099261,0.00970724,0.00967216,0.00968188,0.00967626,0.00947369,0.00958338,0.00965611,0.00972369,0.00966385,0.00964913,0.00954231,0.009389,0.00954061,0.00957192,0.00935405,0.00926146,0.00912234,0.00886999,0.00895012,0.00921348,0.00934353,0.00949453,0.00987507,0.00983105
,,,DIL1B(BGRD),0.000648248,0.000591697,0.000573025,0.000526265,0.000500708,0.000475083,0.000453829,0.000428053,0.00042512,0.000406724,0.000374004,0.000344892,0.000333066,0.000325942,0.000309185,0.000293783,0.000290131,0.000280687,0.000260324,0.000255581,0.000243195,0.000237905,0.000226873,0.000219065,0.000216536,0.000218885,0.000211982,0.00019524,0.000189166,0.000181525,0.00017614,0.000167205,0.000165044,0.000164936,0.000159802,0.000150036,0.000145486,0.000149122,0.000141808,0.000138848,0.000139467,0.000131183,0.00012119,0.000123577,0.000124552,0.0001187,0.00011878,0.000114016,0.000105474,0.000110604,0.000108402,0.000107016,0.00010248,0.000112932,0.000116983
C. leptoporus,RCC1151,1125_CLEP,MILQ,-0.000683877,0.000478274,0.000503419,0.00046686,0.000447821,0.00042668,0.000406555,0.000396693,0.000381267,0.000372434,0.000342679,0.000320197,0.000319406,0.00030639,0.000295001,0.000279424,0.000278801,0.000266043,0.000260044,0.000247301,0.000235581,0.000239501,0.000224347,0.000220063,0.000219961,0.000216509,0.000215622,0.000208694,0.000197375,0.000196388,0.000189605,0.000180238,0.000178204,0.000178383,0.000179442,0.000171157,0.00016365,0.00015547,0.000163165,0.000159268,0.000153722,0.000147572,0.000144733,0.000151692,0.000146343,0.000145305,0.000141248,0.000126764,0.000127397,0.000134402,0.000134186,0.000139043,0.000138467,0.000141127,0.000109388
,,,MILQ(FILT),0.000477453,0.000438311,0.000408488,0.000374386,0.00035691,0.000334165,0.000319014,0.000301429,0.000292009,0.000282237,0.000262693,0.000257284,0.000251184,0.000230734,0.00021309,0.000207827,0.000200577,0.000192743,0.00018614,0.000174599,0.00016403,0.000165051,0.000157186,0.000147737,0.000148904,0.000144123,0.000142897,0.000132562,0.000130224,0.000124031,0.000120127,0.000112437,0.000111,0.000108407,0.000104344,0.000100904,9.57884e-05,9.45697e-05,9.32012e-05,9.32953e-05,8.895e-05,8.28251e-05,8.3095e-05,8.31306e-05,7.68647e-05,7.5993e-05,7.7545e-05,7.29196e-05,6.58024e-05,6.73577e-05,7.11311e-05,6.84683e-05,7.00659e-05,6.84536e-05,6.7674e-05
,,,DIL1A,0.00109816,0.0010177,0.000983877,0.000928483,0.000889602,0.000848588,0.000843671,0.000817467,0.00080783,0.000809347,0.000774146,0.000759081,0.000756939,0.000740276,0.000711557,0.000701793,0.000701048,0.000678188,0.000668801,0.000649811,0.000613443,0.000623418,0.000614287,0.000589103,0.000588928,0.000572643,0.000572976,0.000545811,0.000543623,0.000527092,0.000498164,0.00048487,0.000471395,0.000474615,0.000472477,0.000440789,0.000440558,0.000433739,0.000429096,0.00042021,0.000416818,0.000399274,0.000391462,0.000393041,0.000383128,0.000375946,0.000362659,0.000365173,0.000379264,0.000407935,0.000426037,0.000412409,0.000405522,0.000385971,0.00038447
,,,DIL1A(BGRD),0.000636034,0.000592118,0.000548732,0.000510596,0.000485748,0.000450293,0.000434048,0.000414922,0.000399743,0.000384982,0.000352105,0.000326174,0.000324195,0.000308058,0.000291669,0.000276965,0.000267631,0.000254335,0.00024777,0.000234119,0.000223366,0.000219717,0.000212116,0.000199353,0.000201271,0.000197569,0.000189493,0.000186878,0.000178984,0.000167348,0.000158177,0.000151156,0.000149546,0.000143098,0.000143672,0.000134846,0.000132508,0.000130652,0.000122451,0.000123573,0.00011721,0.000111305,0.000110277,0.000106778,0.000111062,0.000103563,9.90422e-05,9.18424e-05,9.0459e-05,9.19233e-05,9.13842e-05,8.99825e-05,8.70325e-05,8.83807e-05,8.95743e-05
,,,DIL1B,0.00108803,0.00102818,0.000980625,0.000928571,0.00090145,0.000869008,0.000847902,0.000836873,0.000827719,0.000808957,0.00078399,0.000758337,0.000743176,0.000737112,0.000702324,0.000707319,0.000680128,0.00068307,0.000663922,0.00064188,0.00061539,0.000621193,0.000601605,0.000590284,0.000578409,0.000571866,0.000564175,0.000545461,0.000535647,0.000517958,0.000502513,0.000478232,0.000476041,0.000465444,0.000461599,0.000447996,0.000438918,0.000439331,0.000421787,0.000417592,0.000417129,0.000412165,0.000396353,0.000397794,0.000385059,0.000373584,0.000362304,0.000369362,0.000382753,0.000420811,0.000425759,0.000412863,0.000403939,0.000398568,0.000372703
,,,DIL1B(BGRD),0.000635464,0.00059512,0.00055804,0.000523363,0.000486889,0.000463053,0.000438794,0.000428765,0.000404571,0.00038524,0.000367179,0.000334368,0.000328149,0.000313377,0.000304492,0.000285297,0.000270104,0.000263138,0.000262318,0.000241271,0.000231974,0.000226304,0.000215049,0.000203254,0.000206239,0.000199943,0.000199528,0.0001847,0.00018186,0.000170632,0.000161291,0.00015374,0.000151363,0.000149612,0.000145388,0.000138153,0.000134414,0.000129098,0.000127144,0.000119653,0.000122789,0.000115069,0.000111734,0.000111035,0.00010968,0.000104149,9.86611e-05,9.573e-05,9.3292e-05,9.46962e-05,9.65724e-05,9.44402e-05,8.32676e-05,9.10153e-05,9.56406e-05
